date,Item Name,Quantity,Product Price,cloud_cover,sunshine,global_radiation,max_temp,mean_temp,min_temp,precipitation,snow_depth,isPaidTimeOff
2019-07-14,Chicken Balti,2,9.95,5.0,2.5,153.0,22.9,18.0,14.1,0.0,0.0,
2019-07-14,Chicken Karahi,2,8.95,5.0,2.5,153.0,22.9,18.0,14.1,0.0,0.0,
2019-07-14,Chicken Pakora,1,5.95,5.0,2.5,153.0,22.9,18.0,14.1,0.0,0.0,
2019-07-14,Chicken Roshni,1,9.95,5.0,2.5,153.0,22.9,18.0,14.1,0.0,0.0,
2019-07-14,Chicken Tikka,1,4.95,5.0,2.5,153.0,22.9,18.0,14.1,0.0,0.0,
2019-07-14,Chicken Tikka Karahi,1,9.95,5.0,2.5,153.0,22.9,18.0,14.1,0.0,0.0,
2019-07-14,Chicken Tikka Masala,1,8.95,5.0,2.5,153.0,22.9,18.0,14.1,0.0,0.0,
2019-07-14,Curry - Chicken,1,7.95,5.0,2.5,153.0,22.9,18.0,14.1,0.0,0.0,
2019-07-14,Dhansak - Chicken,1,8.95,5.0,2.5,153.0,22.9,18.0,14.1,0.0,0.0,
2019-07-14,Egg Paratha,1,3.95,5.0,2.5,153.0,22.9,18.0,14.1,0.0,0.0,
2019-07-14,Egg Rice,2,3.95,5.0,2.5,153.0,22.9,18.0,14.1,0.0,0.0,
2019-07-14,French Fries,3,3.95,5.0,2.5,153.0,22.9,18.0,14.1,0.0,0.0,
2019-07-14,Garlic Naan,4,2.95,5.0,2.5,153.0,22.9,18.0,14.1,0.0,0.0,
2019-07-14,Keema Naan,1,2.95,5.0,2.5,153.0,22.9,18.0,14.1,0.0,0.0,
2019-07-14,Korma - Chicken,4,8.95,5.0,2.5,153.0,22.9,18.0,14.1,0.0,0.0,
2019-07-14,Korma - Chicken Tikka,2,8.95,5.0,2.5,153.0,22.9,18.0,14.1,0.0,0.0,
2019-07-14,Madras - Chicken,1,7.95,5.0,2.5,153.0,22.9,18.0,14.1,0.0,0.0,
2019-07-14,Mango Chutney,3,0.5,5.0,2.5,153.0,22.9,18.0,14.1,0.0,0.0,
2019-07-14,Masala Sauce,1,3.95,5.0,2.5,153.0,22.9,18.0,14.1,0.0,0.0,
2019-07-14,Mint Sauce,4,0.5,5.0,2.5,153.0,22.9,18.0,14.1,0.0,0.0,
2019-07-14,Onion Bhajee,5,3.95,5.0,2.5,153.0,22.9,18.0,14.1,0.0,0.0,
2019-07-14,Onion Chutney,1,0.5,5.0,2.5,153.0,22.9,18.0,14.1,0.0,0.0,
2019-07-14,Onion Naan,2,2.95,5.0,2.5,153.0,22.9,18.0,14.1,0.0,0.0,
2019-07-14,Paratha,2,2.95,5.0,2.5,153.0,22.9,18.0,14.1,0.0,0.0,
2019-07-14,Peshwari Naan,2,2.95,5.0,2.5,153.0,22.9,18.0,14.1,0.0,0.0,
2019-07-14,Pilau Rice,8,2.95,5.0,2.5,153.0,22.9,18.0,14.1,0.0,0.0,
2019-07-14,Plain Naan,8,2.6,5.0,2.5,153.0,22.9,18.0,14.1,0.0,0.0,
2019-07-14,Plain Papadum,10,0.8,5.0,2.5,153.0,22.9,18.0,14.1,0.0,0.0,
2019-07-14,Plain Rice,2,2.95,5.0,2.5,153.0,22.9,18.0,14.1,0.0,0.0,
2019-07-14,Prawn Puree,2,4.95,5.0,2.5,153.0,22.9,18.0,14.1,0.0,0.0,
2019-07-14,Raitha,1,2.95,5.0,2.5,153.0,22.9,18.0,14.1,0.0,0.0,
2019-07-14,Red Sauce,1,0.5,5.0,2.5,153.0,22.9,18.0,14.1,0.0,0.0,
2019-07-14,Royal Paneer,1,5.95,5.0,2.5,153.0,22.9,18.0,14.1,0.0,0.0,
2019-07-14,Saag - Chicken Tikka,1,8.95,5.0,2.5,153.0,22.9,18.0,14.1,0.0,0.0,
2019-07-14,Saag Aloo,1,5.95,5.0,2.5,153.0,22.9,18.0,14.1,0.0,0.0,
2019-07-14,Saag Paneer,3,5.95,5.0,2.5,153.0,22.9,18.0,14.1,0.0,0.0,
2019-07-14,Special Fried Rice,2,3.95,5.0,2.5,153.0,22.9,18.0,14.1,0.0,0.0,
2019-07-14,Tandoori Chicken (Main),2,8.95,5.0,2.5,153.0,22.9,18.0,14.1,0.0,0.0,
2019-07-14,Tandoori Fish,1,5.95,5.0,2.5,153.0,22.9,18.0,14.1,0.0,0.0,
2019-07-14,Tandoori Mixed Grill,2,11.95,5.0,2.5,153.0,22.9,18.0,14.1,0.0,0.0,
2019-07-14,Vegetable Rice,1,3.95,5.0,2.5,153.0,22.9,18.0,14.1,0.0,0.0,
2019-07-15,Cauliflower Bhajee,1,5.95,4.0,6.1,217.0,27.3,17.4,11.8,0.0,0.0,
2019-07-15,Chicken Biryani,2,9.95,4.0,6.1,217.0,27.3,17.4,11.8,0.0,0.0,
2019-07-15,Chicken Tikka (Main),1,8.95,4.0,6.1,217.0,27.3,17.4,11.8,0.0,0.0,
2019-07-15,Curry - Chicken,1,7.95,4.0,6.1,217.0,27.3,17.4,11.8,0.0,0.0,
2019-07-15,Dhansak - Chicken,1,8.95,4.0,6.1,217.0,27.3,17.4,11.8,0.0,0.0,
2019-07-15,French Fries,1,3.95,4.0,6.1,217.0,27.3,17.4,11.8,0.0,0.0,
2019-07-15,Garlic Naan,1,2.95,4.0,6.1,217.0,27.3,17.4,11.8,0.0,0.0,
2019-07-15,Lamb Tikka Biryani,3,10.95,4.0,6.1,217.0,27.3,17.4,11.8,0.0,0.0,
2019-07-15,Mango Chutney,3,0.5,4.0,6.1,217.0,27.3,17.4,11.8,0.0,0.0,
2019-07-15,Mint Sauce,4,0.5,4.0,6.1,217.0,27.3,17.4,11.8,0.0,0.0,
2019-07-15,Mushroom Bhajee,2,5.95,4.0,6.1,217.0,27.3,17.4,11.8,0.0,0.0,
2019-07-15,Mushroom Rice,1,3.95,4.0,6.1,217.0,27.3,17.4,11.8,0.0,0.0,
2019-07-15,Onion Chutney,1,0.5,4.0,6.1,217.0,27.3,17.4,11.8,0.0,0.0,
2019-07-15,Paneer Tikka Sizzler,1,9.95,4.0,6.1,217.0,27.3,17.4,11.8,0.0,0.0,
2019-07-15,Pilau Rice,1,2.95,4.0,6.1,217.0,27.3,17.4,11.8,0.0,0.0,
2019-07-15,Plain Naan,1,2.6,4.0,6.1,217.0,27.3,17.4,11.8,0.0,0.0,
2019-07-15,Plain Papadum,7,0.8,4.0,6.1,217.0,27.3,17.4,11.8,0.0,0.0,
2019-07-15,Plain Rice,2,2.95,4.0,6.1,217.0,27.3,17.4,11.8,0.0,0.0,
2019-07-15,Saag Aloo,1,5.95,4.0,6.1,217.0,27.3,17.4,11.8,0.0,0.0,
2019-07-15,Saag Bhajee,1,5.95,4.0,6.1,217.0,27.3,17.4,11.8,0.0,0.0,
2019-07-15,Saag Dall,1,5.95,4.0,6.1,217.0,27.3,17.4,11.8,0.0,0.0,
2019-07-15,Tandoori Chicken (1/4),1,4.95,4.0,6.1,217.0,27.3,17.4,11.8,0.0,0.0,
2019-07-15,Tandoori Chicken Masala,1,8.95,4.0,6.1,217.0,27.3,17.4,11.8,0.0,0.0,
2019-07-15,Tandoori Mixed Grill,2,11.95,4.0,6.1,217.0,27.3,17.4,11.8,0.0,0.0,
2019-07-15,Tandoori Roti,1,2.6,4.0,6.1,217.0,27.3,17.4,11.8,0.0,0.0,
2019-07-15,Vindaloo - Lamb,1,7.95,4.0,6.1,217.0,27.3,17.4,11.8,0.0,0.0,
2019-07-16,Aloo Gobi,1,5.95,0.0,13.1,36.0,26.4,19.5,11.7,0.0,0.0,
2019-07-16,Aloo Methi,1,5.95,0.0,13.1,36.0,26.4,19.5,11.7,0.0,0.0,
2019-07-16,Bhuna - Lamb,2,8.95,0.0,13.1,36.0,26.4,19.5,11.7,0.0,0.0,
2019-07-16,Butter Chicken,2,9.95,0.0,13.1,36.0,26.4,19.5,11.7,0.0,0.0,
2019-07-16,Chapati,3,1.95,0.0,13.1,36.0,26.4,19.5,11.7,0.0,0.0,
2019-07-16,Chicken Balti,1,9.95,0.0,13.1,36.0,26.4,19.5,11.7,0.0,0.0,
2019-07-16,Chicken Biryani,2,9.95,0.0,13.1,36.0,26.4,19.5,11.7,0.0,0.0,
2019-07-16,Chicken Karahi,1,8.95,0.0,13.1,36.0,26.4,19.5,11.7,0.0,0.0,
2019-07-16,Chicken Tikka (Main),1,8.95,0.0,13.1,36.0,26.4,19.5,11.7,0.0,0.0,
2019-07-16,Chicken Tikka Jalfrezi,1,8.95,0.0,13.1,36.0,26.4,19.5,11.7,0.0,0.0,
2019-07-16,Chicken Tikka Masala,1,8.95,0.0,13.1,36.0,26.4,19.5,11.7,0.0,0.0,
2019-07-16,Dupiaza - Chicken Tikka,1,8.95,0.0,13.1,36.0,26.4,19.5,11.7,0.0,0.0,
2019-07-16,French Fries,2,3.95,0.0,13.1,36.0,26.4,19.5,11.7,0.0,0.0,
2019-07-16,Garlic Naan,1,2.95,0.0,13.1,36.0,26.4,19.5,11.7,0.0,0.0,
2019-07-16,Garlic Rice,1,3.95,0.0,13.1,36.0,26.4,19.5,11.7,0.0,0.0,
2019-07-16,Keema Naan,2,2.95,0.0,13.1,36.0,26.4,19.5,11.7,0.0,0.0,
2019-07-16,King Prawn Puree,4,5.95,0.0,13.1,36.0,26.4,19.5,11.7,0.0,0.0,
2019-07-16,Korma - Chicken,1,8.95,0.0,13.1,36.0,26.4,19.5,11.7,0.0,0.0,
2019-07-16,Lal Mirch Lamb,1,9.95,0.0,13.1,36.0,26.4,19.5,11.7,0.0,0.0,
2019-07-16,Lamb Balti,1,9.95,0.0,13.1,36.0,26.4,19.5,11.7,0.0,0.0,
2019-07-16,Lamb Biryani,3,9.95,0.0,13.1,36.0,26.4,19.5,11.7,0.0,0.0,
2019-07-16,Lamb Karahi,2,8.95,0.0,13.1,36.0,26.4,19.5,11.7,0.0,0.0,
2019-07-16,Lamb Sylhet,1,9.95,0.0,13.1,36.0,26.4,19.5,11.7,0.0,0.0,
2019-07-16,Lamb Tikka,2,4.95,0.0,13.1,36.0,26.4,19.5,11.7,0.0,0.0,
2019-07-16,Lime Pickle,1,0.5,0.0,13.1,36.0,26.4,19.5,11.7,0.0,0.0,
2019-07-16,Madras - Chicken,4,7.95,0.0,13.1,36.0,26.4,19.5,11.7,0.0,0.0,
2019-07-16,Mango Chutney,2,0.5,0.0,13.1,36.0,26.4,19.5,11.7,0.0,0.0,
2019-07-16,Masala Sauce,1,3.95,0.0,13.1,36.0,26.4,19.5,11.7,0.0,0.0,
2019-07-16,Meat Samosa,3,3.95,0.0,13.1,36.0,26.4,19.5,11.7,0.0,0.0,
2019-07-16,Mixed Starter,1,5.95,0.0,13.1,36.0,26.4,19.5,11.7,0.0,0.0,
2019-07-16,Mixed Vegetable Curry,1,5.95,0.0,13.1,36.0,26.4,19.5,11.7,0.0,0.0,
2019-07-16,Muttar Paneer,2,5.95,0.0,13.1,36.0,26.4,19.5,11.7,0.0,0.0,
2019-07-16,Onion Chutney,2,0.5,0.0,13.1,36.0,26.4,19.5,11.7,0.0,0.0,
2019-07-16,Paneer Shaslick,1,9.95,0.0,13.1,36.0,26.4,19.5,11.7,0.0,0.0,
2019-07-16,Pilau Rice,7,2.95,0.0,13.1,36.0,26.4,19.5,11.7,0.0,0.0,
2019-07-16,Plain Naan,10,2.6,0.0,13.1,36.0,26.4,19.5,11.7,0.0,0.0,
2019-07-16,Plain Papadum,9,0.8,0.0,13.1,36.0,26.4,19.5,11.7,0.0,0.0,
2019-07-16,Plain Rice,4,2.95,0.0,13.1,36.0,26.4,19.5,11.7,0.0,0.0,
2019-07-16,Royal Paneer,1,5.95,0.0,13.1,36.0,26.4,19.5,11.7,0.0,0.0,
2019-07-16,Saag - Chicken,1,8.95,0.0,13.1,36.0,26.4,19.5,11.7,0.0,0.0,
2019-07-16,Sheek Kebab,1,4.95,0.0,13.1,36.0,26.4,19.5,11.7,0.0,0.0,
2019-07-16,Sheek Kebab (Main),1,8.95,0.0,13.1,36.0,26.4,19.5,11.7,0.0,0.0,
2019-07-16,Spicy Papadum,2,0.8,0.0,13.1,36.0,26.4,19.5,11.7,0.0,0.0,
2019-07-16,Tandoori Mixed Grill,1,11.95,0.0,13.1,36.0,26.4,19.5,11.7,0.0,0.0,
2019-07-16,Vindaloo - Chicken,2,7.95,0.0,13.1,36.0,26.4,19.5,11.7,0.0,0.0,
2019-07-16,Vindaloo Sauce,1,3.95,0.0,13.1,36.0,26.4,19.5,11.7,0.0,0.0,
2019-07-17,Butter Chicken,1,9.95,5.0,6.6,223.0,24.8,19.9,13.5,3.0,0.0,
2019-07-17,Chicken Chilli Garlic,1,9.95,5.0,6.6,223.0,24.8,19.9,13.5,3.0,0.0,
2019-07-17,Chicken Tikka,1,4.95,5.0,6.6,223.0,24.8,19.9,13.5,3.0,0.0,
2019-07-17,Chicken Tikka (Main),2,8.95,5.0,6.6,223.0,24.8,19.9,13.5,3.0,0.0,
2019-07-17,Chicken Tikka Chilli Masala,1,8.95,5.0,6.6,223.0,24.8,19.9,13.5,3.0,0.0,
2019-07-17,Chicken Tikka Pasanda,1,8.95,5.0,6.6,223.0,24.8,19.9,13.5,3.0,0.0,
2019-07-17,Curry - Lamb,1,7.95,5.0,6.6,223.0,24.8,19.9,13.5,3.0,0.0,
2019-07-17,Dhansak - King Prawn,1,12.95,5.0,6.6,223.0,24.8,19.9,13.5,3.0,0.0,
2019-07-17,Garlic Naan,1,2.95,5.0,6.6,223.0,24.8,19.9,13.5,3.0,0.0,
2019-07-17,King Prawn Puree,1,5.95,5.0,6.6,223.0,24.8,19.9,13.5,3.0,0.0,
2019-07-17,Korma - Chicken,1,8.95,5.0,6.6,223.0,24.8,19.9,13.5,3.0,0.0,
2019-07-17,Lamb Biryani,1,9.95,5.0,6.6,223.0,24.8,19.9,13.5,3.0,0.0,
2019-07-17,Lamb Haryali,1,9.95,5.0,6.6,223.0,24.8,19.9,13.5,3.0,0.0,
2019-07-17,Mixed Starter,1,5.95,5.0,6.6,223.0,24.8,19.9,13.5,3.0,0.0,
2019-07-17,Onion Rice,1,3.95,5.0,6.6,223.0,24.8,19.9,13.5,3.0,0.0,
2019-07-17,Pilau Rice,6,2.95,5.0,6.6,223.0,24.8,19.9,13.5,3.0,0.0,
2019-07-17,Plain Naan,1,2.6,5.0,6.6,223.0,24.8,19.9,13.5,3.0,0.0,
2019-07-17,Plain Papadum,2,0.8,5.0,6.6,223.0,24.8,19.9,13.5,3.0,0.0,
2019-07-17,Plain Rice,1,2.95,5.0,6.6,223.0,24.8,19.9,13.5,3.0,0.0,
2019-07-17,Rogon - Lamb,1,8.95,5.0,6.6,223.0,24.8,19.9,13.5,3.0,0.0,
2019-07-17,Saag Aloo,1,5.95,5.0,6.6,223.0,24.8,19.9,13.5,3.0,0.0,
2019-07-18,Aloo Chaat,1,4.95,6.0,2.5,152.0,19.9,20.2,15.6,0.0,0.0,
2019-07-18,Aloo Gobi,3,5.95,6.0,2.5,152.0,19.9,20.2,15.6,0.0,0.0,
2019-07-18,Baingan Hari Mirch,1,5.95,6.0,2.5,152.0,19.9,20.2,15.6,0.0,0.0,
2019-07-18,Bhindi Bhajee,1,5.95,6.0,2.5,152.0,19.9,20.2,15.6,0.0,0.0,
2019-07-18,Bhuna - Chicken,1,8.95,6.0,2.5,152.0,19.9,20.2,15.6,0.0,0.0,
2019-07-18,Bombay Aloo,1,5.95,6.0,2.5,152.0,19.9,20.2,15.6,0.0,0.0,
2019-07-18,Butter Chicken,1,9.95,6.0,2.5,152.0,19.9,20.2,15.6,0.0,0.0,
2019-07-18,Chana Masala,1,5.95,6.0,2.5,152.0,19.9,20.2,15.6,0.0,0.0,
2019-07-18,Chicken Tikka,3,4.95,6.0,2.5,152.0,19.9,20.2,15.6,0.0,0.0,
2019-07-18,Chicken Tikka (Main),1,8.95,6.0,2.5,152.0,19.9,20.2,15.6,0.0,0.0,
2019-07-18,Chicken Tikka Balti,1,10.95,6.0,2.5,152.0,19.9,20.2,15.6,0.0,0.0,
2019-07-18,Chicken Tikka Jalfrezi,1,8.95,6.0,2.5,152.0,19.9,20.2,15.6,0.0,0.0,
2019-07-18,Chicken Tikka Masala,4,8.95,6.0,2.5,152.0,19.9,20.2,15.6,0.0,0.0,
2019-07-18,Curry - Chicken,1,7.95,6.0,2.5,152.0,19.9,20.2,15.6,0.0,0.0,
2019-07-18,Curry Sauce,1,3.95,6.0,2.5,152.0,19.9,20.2,15.6,0.0,0.0,
2019-07-18,Garlic Naan,1,2.95,6.0,2.5,152.0,19.9,20.2,15.6,0.0,0.0,
2019-07-18,Keema Naan,2,2.95,6.0,2.5,152.0,19.9,20.2,15.6,0.0,0.0,
2019-07-18,King Prawn Shaslick,51,12.95,6.0,2.5,152.0,19.9,20.2,15.6,0.0,0.0,
2019-07-18,Korma - Chicken,3,8.95,6.0,2.5,152.0,19.9,20.2,15.6,0.0,0.0,
2019-07-18,Korma - Prawn,2,9.95,6.0,2.5,152.0,19.9,20.2,15.6,0.0,0.0,
2019-07-18,Lal Mirch Lamb,1,9.95,6.0,2.5,152.0,19.9,20.2,15.6,0.0,0.0,
2019-07-18,Lamb Chilli Garlic,1,9.95,6.0,2.5,152.0,19.9,20.2,15.6,0.0,0.0,
2019-07-18,Lamb Rezala,1,9.95,6.0,2.5,152.0,19.9,20.2,15.6,0.0,0.0,
2019-07-18,Lamb Shashlick Curry,1,12.95,6.0,2.5,152.0,19.9,20.2,15.6,0.0,0.0,
2019-07-18,Lamb Tikka Jalfrezi,1,8.95,6.0,2.5,152.0,19.9,20.2,15.6,0.0,0.0,
2019-07-18,Lamb Tikka Pasanda,1,8.95,6.0,2.5,152.0,19.9,20.2,15.6,0.0,0.0,
2019-07-18,Madras - Chicken,1,7.95,6.0,2.5,152.0,19.9,20.2,15.6,0.0,0.0,
2019-07-18,Mixed Vegetable Curry,1,5.95,6.0,2.5,152.0,19.9,20.2,15.6,0.0,0.0,
2019-07-18,Mushroom Bhajee,1,5.95,6.0,2.5,152.0,19.9,20.2,15.6,0.0,0.0,
2019-07-18,Onion Bhajee,5,3.95,6.0,2.5,152.0,19.9,20.2,15.6,0.0,0.0,
2019-07-18,Paneer Tikka Balti,1,10.95,6.0,2.5,152.0,19.9,20.2,15.6,0.0,0.0,
2019-07-18,Paneer Tikka Sizzler,1,9.95,6.0,2.5,152.0,19.9,20.2,15.6,0.0,0.0,
2019-07-18,Peshwari Naan,5,2.95,6.0,2.5,152.0,19.9,20.2,15.6,0.0,0.0,
2019-07-18,Pilau Rice,10,2.95,6.0,2.5,152.0,19.9,20.2,15.6,0.0,0.0,
2019-07-18,Plain Naan,5,2.6,6.0,2.5,152.0,19.9,20.2,15.6,0.0,0.0,
2019-07-18,Plain Papadum,12,0.8,6.0,2.5,152.0,19.9,20.2,15.6,0.0,0.0,
2019-07-18,Plain Rice,5,2.95,6.0,2.5,152.0,19.9,20.2,15.6,0.0,0.0,
2019-07-18,Prawn Puree,1,4.95,6.0,2.5,152.0,19.9,20.2,15.6,0.0,0.0,
2019-07-18,Saag - Chicken,1,8.95,6.0,2.5,152.0,19.9,20.2,15.6,0.0,0.0,
2019-07-18,Saag Aloo,2,5.95,6.0,2.5,152.0,19.9,20.2,15.6,0.0,0.0,
2019-07-18,Special Fried Rice,1,3.95,6.0,2.5,152.0,19.9,20.2,15.6,0.0,0.0,
2019-07-18,Stuffed Paratha,1,3.95,6.0,2.5,152.0,19.9,20.2,15.6,0.0,0.0,
2019-07-18,Tandoori Roti,1,2.6,6.0,2.5,152.0,19.9,20.2,15.6,0.0,0.0,
2019-07-19,Aloo Chaat,1,4.95,7.0,0.0,77.0,25.6,16.3,12.7,17.4,0.0,
2019-07-19,Aloo Gobi,4,5.95,7.0,0.0,77.0,25.6,16.3,12.7,17.4,0.0,
2019-07-19,Baingan Hari Mirch,1,5.95,7.0,0.0,77.0,25.6,16.3,12.7,17.4,0.0,
2019-07-19,Bhindi Bhajee,1,5.95,7.0,0.0,77.0,25.6,16.3,12.7,17.4,0.0,
2019-07-19,Bhuna - Chicken Tikka,1,8.95,7.0,0.0,77.0,25.6,16.3,12.7,17.4,0.0,
2019-07-19,Bhuna - King Prawn,1,12.95,7.0,0.0,77.0,25.6,16.3,12.7,17.4,0.0,
2019-07-19,Bhuna - Lamb,1,8.95,7.0,0.0,77.0,25.6,16.3,12.7,17.4,0.0,
2019-07-19,Bombay Aloo,2,5.95,7.0,0.0,77.0,25.6,16.3,12.7,17.4,0.0,
2019-07-19,Bottle Diet Coke,1,2.95,7.0,0.0,77.0,25.6,16.3,12.7,17.4,0.0,
2019-07-19,Butter Chicken,2,9.95,7.0,0.0,77.0,25.6,16.3,12.7,17.4,0.0,
2019-07-19,Cauliflower Bhajee,1,5.95,7.0,0.0,77.0,25.6,16.3,12.7,17.4,0.0,
2019-07-19,Chana Masala,1,5.95,7.0,0.0,77.0,25.6,16.3,12.7,17.4,0.0,
2019-07-19,Chapati,6,1.95,7.0,0.0,77.0,25.6,16.3,12.7,17.4,0.0,
2019-07-19,Chicken Biryani,4,9.95,7.0,0.0,77.0,25.6,16.3,12.7,17.4,0.0,
2019-07-19,Chicken Chilli Garlic,2,9.95,7.0,0.0,77.0,25.6,16.3,12.7,17.4,0.0,
2019-07-19,Chicken Tikka,3,4.95,7.0,0.0,77.0,25.6,16.3,12.7,17.4,0.0,
2019-07-19,Chicken Tikka (Main),4,8.95,7.0,0.0,77.0,25.6,16.3,12.7,17.4,0.0,
2019-07-19,Chicken Tikka Balti,1,10.95,7.0,0.0,77.0,25.6,16.3,12.7,17.4,0.0,
2019-07-19,Chicken Tikka Biryani,1,10.95,7.0,0.0,77.0,25.6,16.3,12.7,17.4,0.0,
2019-07-19,Chicken Tikka Chilli Masala,2,8.95,7.0,0.0,77.0,25.6,16.3,12.7,17.4,0.0,
2019-07-19,Chicken Tikka Masala,8,8.95,7.0,0.0,77.0,25.6,16.3,12.7,17.4,0.0,
2019-07-19,Chicken Tikka Pasanda,1,8.95,7.0,0.0,77.0,25.6,16.3,12.7,17.4,0.0,
2019-07-19,Curry - Chicken,3,7.95,7.0,0.0,77.0,25.6,16.3,12.7,17.4,0.0,
2019-07-19,Curry - Lamb,2,7.95,7.0,0.0,77.0,25.6,16.3,12.7,17.4,0.0,
2019-07-19,Dhansak - Chicken,1,8.95,7.0,0.0,77.0,25.6,16.3,12.7,17.4,0.0,
2019-07-19,Dhansak - Lamb,2,8.95,7.0,0.0,77.0,25.6,16.3,12.7,17.4,0.0,
2019-07-19,Dupiaza - Chicken Tikka,2,8.95,7.0,0.0,77.0,25.6,16.3,12.7,17.4,0.0,
2019-07-19,French Fries,2,3.95,7.0,0.0,77.0,25.6,16.3,12.7,17.4,0.0,
2019-07-19,Garlic Naan,12,2.95,7.0,0.0,77.0,25.6,16.3,12.7,17.4,0.0,
2019-07-19,Garlic Rice,1,3.95,7.0,0.0,77.0,25.6,16.3,12.7,17.4,0.0,
2019-07-19,Keema Naan,5,2.95,7.0,0.0,77.0,25.6,16.3,12.7,17.4,0.0,
2019-07-19,Keema Rice,3,3.95,7.0,0.0,77.0,25.6,16.3,12.7,17.4,0.0,
2019-07-19,Korma - Chicken,6,8.95,7.0,0.0,77.0,25.6,16.3,12.7,17.4,0.0,
2019-07-19,Korma - King Prawn,1,12.95,7.0,0.0,77.0,25.6,16.3,12.7,17.4,0.0,
2019-07-19,Korma Sauce,2,3.95,7.0,0.0,77.0,25.6,16.3,12.7,17.4,0.0,
2019-07-19,Lal Mirch Chicken,1,9.95,7.0,0.0,77.0,25.6,16.3,12.7,17.4,0.0,
2019-07-19,Lamb Biryani,2,9.95,7.0,0.0,77.0,25.6,16.3,12.7,17.4,0.0,
2019-07-19,Lamb Tikka,2,4.95,7.0,0.0,77.0,25.6,16.3,12.7,17.4,0.0,
2019-07-19,Lamb Tikka (Main),1,8.95,7.0,0.0,77.0,25.6,16.3,12.7,17.4,0.0,
2019-07-19,Lamb Tikka Biryani,1,10.95,7.0,0.0,77.0,25.6,16.3,12.7,17.4,0.0,
2019-07-19,Lamb Tikka Karahi,1,9.95,7.0,0.0,77.0,25.6,16.3,12.7,17.4,0.0,
2019-07-19,Lamb Tikka Masala,1,8.95,7.0,0.0,77.0,25.6,16.3,12.7,17.4,0.0,
2019-07-19,Lemon Rice,1,3.95,7.0,0.0,77.0,25.6,16.3,12.7,17.4,0.0,
2019-07-19,Lime Pickle,3,0.5,7.0,0.0,77.0,25.6,16.3,12.7,17.4,0.0,
2019-07-19,Madras - Chicken,2,7.95,7.0,0.0,77.0,25.6,16.3,12.7,17.4,0.0,
2019-07-19,Mango Chutney,10,0.5,7.0,0.0,77.0,25.6,16.3,12.7,17.4,0.0,
2019-07-19,Meat Samosa,4,3.95,7.0,0.0,77.0,25.6,16.3,12.7,17.4,0.0,
2019-07-19,Mint Sauce,3,0.5,7.0,0.0,77.0,25.6,16.3,12.7,17.4,0.0,
2019-07-19,Mixed Starter,1,5.95,7.0,0.0,77.0,25.6,16.3,12.7,17.4,0.0,
2019-07-19,Mushroom - Chicken,1,8.95,7.0,0.0,77.0,25.6,16.3,12.7,17.4,0.0,
2019-07-19,Mushroom Bhajee,1,5.95,7.0,0.0,77.0,25.6,16.3,12.7,17.4,0.0,
2019-07-19,Mushroom Rice,6,3.95,7.0,0.0,77.0,25.6,16.3,12.7,17.4,0.0,
2019-07-19,Muttar Paneer,1,5.95,7.0,0.0,77.0,25.6,16.3,12.7,17.4,0.0,
2019-07-19,Onion Bhajee,5,3.95,7.0,0.0,77.0,25.6,16.3,12.7,17.4,0.0,
2019-07-19,Onion Chutney,6,0.5,7.0,0.0,77.0,25.6,16.3,12.7,17.4,0.0,
2019-07-19,Onion Rice,2,3.95,7.0,0.0,77.0,25.6,16.3,12.7,17.4,0.0,
2019-07-19,Paneer Shaslick,1,9.95,7.0,0.0,77.0,25.6,16.3,12.7,17.4,0.0,
2019-07-19,Paneer Tikka Sizzler,1,9.95,7.0,0.0,77.0,25.6,16.3,12.7,17.4,0.0,
2019-07-19,Paratha,1,2.95,7.0,0.0,77.0,25.6,16.3,12.7,17.4,0.0,
2019-07-19,Perrier Water (750ml),1,3.95,7.0,0.0,77.0,25.6,16.3,12.7,17.4,0.0,
2019-07-19,Peshwari Naan,6,2.95,7.0,0.0,77.0,25.6,16.3,12.7,17.4,0.0,
2019-07-19,Pilau Rice,14,2.95,7.0,0.0,77.0,25.6,16.3,12.7,17.4,0.0,
2019-07-19,Plain Naan,9,2.6,7.0,0.0,77.0,25.6,16.3,12.7,17.4,0.0,
2019-07-19,Plain Papadum,31,0.8,7.0,0.0,77.0,25.6,16.3,12.7,17.4,0.0,
2019-07-19,Plain Rice,4,2.95,7.0,0.0,77.0,25.6,16.3,12.7,17.4,0.0,
2019-07-19,Prawn Balti,1,10.95,7.0,0.0,77.0,25.6,16.3,12.7,17.4,0.0,
2019-07-19,Prawn Karahi,1,9.95,7.0,0.0,77.0,25.6,16.3,12.7,17.4,0.0,
2019-07-19,Prawn Puree,2,4.95,7.0,0.0,77.0,25.6,16.3,12.7,17.4,0.0,
2019-07-19,Raitha,1,2.95,7.0,0.0,77.0,25.6,16.3,12.7,17.4,0.0,
2019-07-19,Red Sauce,3,0.5,7.0,0.0,77.0,25.6,16.3,12.7,17.4,0.0,
2019-07-19,Royal Paneer,1,5.95,7.0,0.0,77.0,25.6,16.3,12.7,17.4,0.0,
2019-07-19,Saag Aloo,3,5.95,7.0,0.0,77.0,25.6,16.3,12.7,17.4,0.0,
2019-07-19,Saag Dall,1,5.95,7.0,0.0,77.0,25.6,16.3,12.7,17.4,0.0,
2019-07-19,Saag Paneer,1,5.95,7.0,0.0,77.0,25.6,16.3,12.7,17.4,0.0,
2019-07-19,Saag Rice,1,3.95,7.0,0.0,77.0,25.6,16.3,12.7,17.4,0.0,
2019-07-19,Sheek Kebab (Main),1,8.95,7.0,0.0,77.0,25.6,16.3,12.7,17.4,0.0,
2019-07-19,Tandoori Chicken (Main),1,8.95,7.0,0.0,77.0,25.6,16.3,12.7,17.4,0.0,
2019-07-19,Tandoori Fish,1,5.95,7.0,0.0,77.0,25.6,16.3,12.7,17.4,0.0,
2019-07-19,Tandoori Mixed Grill,1,11.95,7.0,0.0,77.0,25.6,16.3,12.7,17.4,0.0,
2019-07-19,Tandoori Roti,3,2.6,7.0,0.0,77.0,25.6,16.3,12.7,17.4,0.0,
2019-07-19,Vegetable Roll,1,4.95,7.0,0.0,77.0,25.6,16.3,12.7,17.4,0.0,
2019-07-19,Vindaloo - Chicken Tikka,1,7.95,7.0,0.0,77.0,25.6,16.3,12.7,17.4,0.0,
2019-07-19,Vindaloo - Lamb,1,7.95,7.0,0.0,77.0,25.6,16.3,12.7,17.4,0.0,
2019-07-20,Aloo Gobi,1,5.95,5.0,6.9,226.0,24.6,20.5,15.4,0.0,0.0,
2019-07-20,Baingan Hari Mirch,1,5.95,5.0,6.9,226.0,24.6,20.5,15.4,0.0,0.0,
2019-07-20,Bhuna - Chicken,2,8.95,5.0,6.9,226.0,24.6,20.5,15.4,0.0,0.0,
2019-07-20,Bombay Aloo,1,5.95,5.0,6.9,226.0,24.6,20.5,15.4,0.0,0.0,
2019-07-20,Butter Chicken,3,9.95,5.0,6.9,226.0,24.6,20.5,15.4,0.0,0.0,
2019-07-20,Cauliflower Bhajee,1,5.95,5.0,6.9,226.0,24.6,20.5,15.4,0.0,0.0,
2019-07-20,Chapati,1,1.95,5.0,6.9,226.0,24.6,20.5,15.4,0.0,0.0,
2019-07-20,Chicken Karahi,1,8.95,5.0,6.9,226.0,24.6,20.5,15.4,0.0,0.0,
2019-07-20,Chicken Pakora,1,5.95,5.0,6.9,226.0,24.6,20.5,15.4,0.0,0.0,
2019-07-20,Chicken Shashlick,1,9.95,5.0,6.9,226.0,24.6,20.5,15.4,0.0,0.0,
2019-07-20,Chicken Tikka,1,4.95,5.0,6.9,226.0,24.6,20.5,15.4,0.0,0.0,
2019-07-20,Chicken Tikka (Main),2,8.95,5.0,6.9,226.0,24.6,20.5,15.4,0.0,0.0,
2019-07-20,Chicken Tikka Biryani,3,10.95,5.0,6.9,226.0,24.6,20.5,15.4,0.0,0.0,
2019-07-20,Chicken Tikka Chilli Masala,1,8.95,5.0,6.9,226.0,24.6,20.5,15.4,0.0,0.0,
2019-07-20,Chicken Tikka Garlic,1,8.95,5.0,6.9,226.0,24.6,20.5,15.4,0.0,0.0,
2019-07-20,Chicken Tikka Masala,6,8.95,5.0,6.9,226.0,24.6,20.5,15.4,0.0,0.0,
2019-07-20,Chicken Tikka Sizzler,1,9.95,5.0,6.9,226.0,24.6,20.5,15.4,0.0,0.0,
2019-07-20,Curry - Chicken,1,7.95,5.0,6.9,226.0,24.6,20.5,15.4,0.0,0.0,
2019-07-20,Curry Sauce,1,3.95,5.0,6.9,226.0,24.6,20.5,15.4,0.0,0.0,
2019-07-20,French Fries,2,3.95,5.0,6.9,226.0,24.6,20.5,15.4,0.0,0.0,
2019-07-20,Garlic Naan,4,2.95,5.0,6.9,226.0,24.6,20.5,15.4,0.0,0.0,
2019-07-20,Green Salad,2,2.95,5.0,6.9,226.0,24.6,20.5,15.4,0.0,0.0,
2019-07-20,Keema Naan,2,2.95,5.0,6.9,226.0,24.6,20.5,15.4,0.0,0.0,
2019-07-20,Keema Rice,1,3.95,5.0,6.9,226.0,24.6,20.5,15.4,0.0,0.0,
2019-07-20,King Prawn Puree,1,5.95,5.0,6.9,226.0,24.6,20.5,15.4,0.0,0.0,
2019-07-20,Korma - Chicken,2,8.95,5.0,6.9,226.0,24.6,20.5,15.4,0.0,0.0,
2019-07-20,Lamb Achar,1,9.95,5.0,6.9,226.0,24.6,20.5,15.4,0.0,0.0,
2019-07-20,Lamb Tikka,1,4.95,5.0,6.9,226.0,24.6,20.5,15.4,0.0,0.0,
2019-07-20,Lamb Tikka Masala,1,8.95,5.0,6.9,226.0,24.6,20.5,15.4,0.0,0.0,
2019-07-20,Madras - Chicken,2,7.95,5.0,6.9,226.0,24.6,20.5,15.4,0.0,0.0,
2019-07-20,Madras Sauce,1,3.95,5.0,6.9,226.0,24.6,20.5,15.4,0.0,0.0,
2019-07-20,Mango Chutney,7,0.5,5.0,6.9,226.0,24.6,20.5,15.4,0.0,0.0,
2019-07-20,Meat Samosa,4,3.95,5.0,6.9,226.0,24.6,20.5,15.4,0.0,0.0,
2019-07-20,Mint Sauce,6,0.5,5.0,6.9,226.0,24.6,20.5,15.4,0.0,0.0,
2019-07-20,Mixed Vegetable Curry,1,5.95,5.0,6.9,226.0,24.6,20.5,15.4,0.0,0.0,
2019-07-20,Mushroom Bhajee,1,5.95,5.0,6.9,226.0,24.6,20.5,15.4,0.0,0.0,
2019-07-20,Mushroom Rice,3,3.95,5.0,6.9,226.0,24.6,20.5,15.4,0.0,0.0,
2019-07-20,Onion Bhajee,5,3.95,5.0,6.9,226.0,24.6,20.5,15.4,0.0,0.0,
2019-07-20,Onion Chutney,2,0.5,5.0,6.9,226.0,24.6,20.5,15.4,0.0,0.0,
2019-07-20,Onion Naan,1,2.95,5.0,6.9,226.0,24.6,20.5,15.4,0.0,0.0,
2019-07-20,Paneer Tikka Karahi,1,9.95,5.0,6.9,226.0,24.6,20.5,15.4,0.0,0.0,
2019-07-20,Paneer Tikka Masala,3,8.95,5.0,6.9,226.0,24.6,20.5,15.4,0.0,0.0,
2019-07-20,Paneer Tikka Sizzler,1,9.95,5.0,6.9,226.0,24.6,20.5,15.4,0.0,0.0,
2019-07-20,Pathia - Chicken,1,8.95,5.0,6.9,226.0,24.6,20.5,15.4,0.0,0.0,
2019-07-20,Peshwari Naan,3,2.95,5.0,6.9,226.0,24.6,20.5,15.4,0.0,0.0,
2019-07-20,Pilau Rice,14,2.95,5.0,6.9,226.0,24.6,20.5,15.4,0.0,0.0,
2019-07-20,Plain Naan,9,2.6,5.0,6.9,226.0,24.6,20.5,15.4,0.0,0.0,
2019-07-20,Plain Papadum,47,0.8,5.0,6.9,226.0,24.6,20.5,15.4,0.0,0.0,
2019-07-20,Plain Rice,3,2.95,5.0,6.9,226.0,24.6,20.5,15.4,0.0,0.0,
2019-07-20,Prawn Puree,1,4.95,5.0,6.9,226.0,24.6,20.5,15.4,0.0,0.0,
2019-07-20,Puree,2,1.95,5.0,6.9,226.0,24.6,20.5,15.4,0.0,0.0,
2019-07-20,Raitha,1,2.95,5.0,6.9,226.0,24.6,20.5,15.4,0.0,0.0,
2019-07-20,Red Sauce,2,0.5,5.0,6.9,226.0,24.6,20.5,15.4,0.0,0.0,
2019-07-20,Royal Paneer,1,5.95,5.0,6.9,226.0,24.6,20.5,15.4,0.0,0.0,
2019-07-20,Saag Aloo,5,5.95,5.0,6.9,226.0,24.6,20.5,15.4,0.0,0.0,
2019-07-20,Saag Paneer,1,5.95,5.0,6.9,226.0,24.6,20.5,15.4,0.0,0.0,
2019-07-20,Spicy Papadum,5,0.8,5.0,6.9,226.0,24.6,20.5,15.4,0.0,0.0,
2019-07-20,Tandoori Chicken (Main),2,8.95,5.0,6.9,226.0,24.6,20.5,15.4,0.0,0.0,
2019-07-20,Tandoori Mixed Grill,2,11.95,5.0,6.9,226.0,24.6,20.5,15.4,0.0,0.0,
2019-07-20,Tandoori Roti,1,2.6,5.0,6.9,226.0,24.6,20.5,15.4,0.0,0.0,
2019-07-20,Tarka Dall,1,5.95,5.0,6.9,226.0,24.6,20.5,15.4,0.0,0.0,
2019-07-20,Vegetable Rice,3,3.95,5.0,6.9,226.0,24.6,20.5,15.4,0.0,0.0,
2019-07-20,Vindaloo - Chicken,2,7.95,5.0,6.9,226.0,24.6,20.5,15.4,0.0,0.0,
2019-07-21,Bengal King Prawn,1,12.95,3.0,5.7,207.0,27.9,18.8,13.0,0.0,0.0,
2019-07-21,Bhuna - Chicken,3,8.95,3.0,5.7,207.0,27.9,18.8,13.0,0.0,0.0,
2019-07-21,Bhuna - Prawn,1,9.95,3.0,5.7,207.0,27.9,18.8,13.0,0.0,0.0,
2019-07-21,Bombay Aloo,2,5.95,3.0,5.7,207.0,27.9,18.8,13.0,0.0,0.0,
2019-07-21,Butter Chicken,5,9.95,3.0,5.7,207.0,27.9,18.8,13.0,0.0,0.0,
2019-07-21,Chana Masala,1,5.95,3.0,5.7,207.0,27.9,18.8,13.0,0.0,0.0,
2019-07-21,Chicken Haryali,1,9.95,3.0,5.7,207.0,27.9,18.8,13.0,0.0,0.0,
2019-07-21,Chicken Mysore,1,9.95,3.0,5.7,207.0,27.9,18.8,13.0,0.0,0.0,
2019-07-21,Chicken Rezala,1,9.95,3.0,5.7,207.0,27.9,18.8,13.0,0.0,0.0,
2019-07-21,Chicken Tikka Jalfrezi,1,8.95,3.0,5.7,207.0,27.9,18.8,13.0,0.0,0.0,
2019-07-21,Chicken Tikka Masala,1,8.95,3.0,5.7,207.0,27.9,18.8,13.0,0.0,0.0,
2019-07-21,Curry - Chicken Tikka,1,7.95,3.0,5.7,207.0,27.9,18.8,13.0,0.0,0.0,
2019-07-21,Curry - Lamb,1,7.95,3.0,5.7,207.0,27.9,18.8,13.0,0.0,0.0,
2019-07-21,Dhansak - King Prawn,2,12.95,3.0,5.7,207.0,27.9,18.8,13.0,0.0,0.0,
2019-07-21,French Fries,2,3.95,3.0,5.7,207.0,27.9,18.8,13.0,0.0,0.0,
2019-07-21,Garlic Naan,2,2.95,3.0,5.7,207.0,27.9,18.8,13.0,0.0,0.0,
2019-07-21,Keema Naan,1,2.95,3.0,5.7,207.0,27.9,18.8,13.0,0.0,0.0,
2019-07-21,King Prawn Puree,1,5.95,3.0,5.7,207.0,27.9,18.8,13.0,0.0,0.0,
2019-07-21,Korma - Chicken,1,8.95,3.0,5.7,207.0,27.9,18.8,13.0,0.0,0.0,
2019-07-21,Korma - Chicken Tikka,1,8.95,3.0,5.7,207.0,27.9,18.8,13.0,0.0,0.0,
2019-07-21,Korma Sauce,1,3.95,3.0,5.7,207.0,27.9,18.8,13.0,0.0,0.0,
2019-07-21,Lamb Balti,1,9.95,3.0,5.7,207.0,27.9,18.8,13.0,0.0,0.0,
2019-07-21,Lamb Biryani,3,9.95,3.0,5.7,207.0,27.9,18.8,13.0,0.0,0.0,
2019-07-21,Lamb Tikka Garlic,1,8.95,3.0,5.7,207.0,27.9,18.8,13.0,0.0,0.0,
2019-07-21,Lime Pickle,1,0.5,3.0,5.7,207.0,27.9,18.8,13.0,0.0,0.0,
2019-07-21,Madras - Chicken,1,7.95,3.0,5.7,207.0,27.9,18.8,13.0,0.0,0.0,
2019-07-21,Madras - Lamb,1,7.95,3.0,5.7,207.0,27.9,18.8,13.0,0.0,0.0,
2019-07-21,Mango Chutney,3,0.5,3.0,5.7,207.0,27.9,18.8,13.0,0.0,0.0,
2019-07-21,Mint Sauce,1,0.5,3.0,5.7,207.0,27.9,18.8,13.0,0.0,0.0,
2019-07-21,Mixed Starter,1,5.95,3.0,5.7,207.0,27.9,18.8,13.0,0.0,0.0,
2019-07-21,Mushroom Rice,2,3.95,3.0,5.7,207.0,27.9,18.8,13.0,0.0,0.0,
2019-07-21,Onion Bhajee,2,3.95,3.0,5.7,207.0,27.9,18.8,13.0,0.0,0.0,
2019-07-21,Onion Chutney,1,0.5,3.0,5.7,207.0,27.9,18.8,13.0,0.0,0.0,
2019-07-21,Paratha,3,2.95,3.0,5.7,207.0,27.9,18.8,13.0,0.0,0.0,
2019-07-21,Peshwari Naan,3,2.95,3.0,5.7,207.0,27.9,18.8,13.0,0.0,0.0,
2019-07-21,Pilau Rice,6,2.95,3.0,5.7,207.0,27.9,18.8,13.0,0.0,0.0,
2019-07-21,Plain Naan,6,2.6,3.0,5.7,207.0,27.9,18.8,13.0,0.0,0.0,
2019-07-21,Plain Papadum,6,0.8,3.0,5.7,207.0,27.9,18.8,13.0,0.0,0.0,
2019-07-21,Plain Rice,1,2.95,3.0,5.7,207.0,27.9,18.8,13.0,0.0,0.0,
2019-07-21,Prawn Puree,1,4.95,3.0,5.7,207.0,27.9,18.8,13.0,0.0,0.0,
2019-07-21,Puree,1,1.95,3.0,5.7,207.0,27.9,18.8,13.0,0.0,0.0,
2019-07-21,Royal Paneer,1,5.95,3.0,5.7,207.0,27.9,18.8,13.0,0.0,0.0,
2019-07-21,Saag Aloo,1,5.95,3.0,5.7,207.0,27.9,18.8,13.0,0.0,0.0,
2019-07-21,Saag Rice,1,3.95,3.0,5.7,207.0,27.9,18.8,13.0,0.0,0.0,
2019-07-21,Sheek Kebab,1,4.95,3.0,5.7,207.0,27.9,18.8,13.0,0.0,0.0,
2019-07-21,Special Fried Rice,2,3.95,3.0,5.7,207.0,27.9,18.8,13.0,0.0,0.0,
2019-07-21,Tandoori Mixed Grill,3,11.95,3.0,5.7,207.0,27.9,18.8,13.0,0.0,0.0,
2019-07-21,Vegetable Biryani,1,9.95,3.0,5.7,207.0,27.9,18.8,13.0,0.0,0.0,
2019-07-21,Vegetable Rice,1,3.95,3.0,5.7,207.0,27.9,18.8,13.0,0.0,0.0,
2019-07-22,Aloo Chaat,1,4.95,5.0,7.1,228.0,33.6,22.1,16.4,0.0,0.0,
2019-07-22,Chapati,4,1.95,5.0,7.1,228.0,33.6,22.1,16.4,0.0,0.0,
2019-07-22,Chicken Balti,1,9.95,5.0,7.1,228.0,33.6,22.1,16.4,0.0,0.0,
2019-07-22,Chicken Biryani,1,9.95,5.0,7.1,228.0,33.6,22.1,16.4,0.0,0.0,
2019-07-22,Chicken Karahi,1,8.95,5.0,7.1,228.0,33.6,22.1,16.4,0.0,0.0,
2019-07-22,Curry Sauce,1,3.95,5.0,7.1,228.0,33.6,22.1,16.4,0.0,0.0,
2019-07-22,Garlic Naan,2,2.95,5.0,7.1,228.0,33.6,22.1,16.4,0.0,0.0,
2019-07-22,Garlic Rice,1,3.95,5.0,7.1,228.0,33.6,22.1,16.4,0.0,0.0,
2019-07-22,Madras - Chicken,1,7.95,5.0,7.1,228.0,33.6,22.1,16.4,0.0,0.0,
2019-07-22,Madras - King Prawn,1,11.95,5.0,7.1,228.0,33.6,22.1,16.4,0.0,0.0,
2019-07-22,Mint Sauce,1,0.5,5.0,7.1,228.0,33.6,22.1,16.4,0.0,0.0,
2019-07-22,Onion Chutney,1,0.5,5.0,7.1,228.0,33.6,22.1,16.4,0.0,0.0,
2019-07-22,Persian Lamb Biryani,1,10.95,5.0,7.1,228.0,33.6,22.1,16.4,0.0,0.0,
2019-07-22,Pilau Rice,2,2.95,5.0,7.1,228.0,33.6,22.1,16.4,0.0,0.0,
2019-07-22,Plain Naan,1,2.6,5.0,7.1,228.0,33.6,22.1,16.4,0.0,0.0,
2019-07-22,Plain Papadum,1,0.8,5.0,7.1,228.0,33.6,22.1,16.4,0.0,0.0,
2019-07-22,Red Sauce,1,0.5,5.0,7.1,228.0,33.6,22.1,16.4,0.0,0.0,
2019-07-22,Sheek Kebab,1,4.95,5.0,7.1,228.0,33.6,22.1,16.4,0.0,0.0,
2019-07-22,Spicy Papadum,2,0.8,5.0,7.1,228.0,33.6,22.1,16.4,0.0,0.0,
2019-07-22,Tarka Dall,1,5.95,5.0,7.1,228.0,33.6,22.1,16.4,0.0,0.0,
2019-07-22,Vegetable Biryani,1,9.95,5.0,7.1,228.0,33.6,22.1,16.4,0.0,0.0,
2019-07-22,Vindaloo - Chicken,1,7.95,5.0,7.1,228.0,33.6,22.1,16.4,0.0,0.0,
2019-07-23,Bombay Aloo,2,5.95,0.0,13.2,307.0,32.8,24.6,15.7,0.8,0.0,
2019-07-23,Chana Masala,1,5.95,0.0,13.2,307.0,32.8,24.6,15.7,0.8,0.0,
2019-07-23,Chapati,1,1.95,0.0,13.2,307.0,32.8,24.6,15.7,0.8,0.0,
2019-07-23,Chicken Chilli Garlic,2,9.95,0.0,13.2,307.0,32.8,24.6,15.7,0.8,0.0,
2019-07-23,Chicken Shashlick,1,9.95,0.0,13.2,307.0,32.8,24.6,15.7,0.8,0.0,
2019-07-23,Chicken Tikka (Main),1,8.95,0.0,13.2,307.0,32.8,24.6,15.7,0.8,0.0,
2019-07-23,Chicken Tikka Biryani,1,10.95,0.0,13.2,307.0,32.8,24.6,15.7,0.8,0.0,
2019-07-23,Chicken Tikka Masala,4,8.95,0.0,13.2,307.0,32.8,24.6,15.7,0.8,0.0,
2019-07-23,Chicken Tikka Pasanda,1,8.95,0.0,13.2,307.0,32.8,24.6,15.7,0.8,0.0,
2019-07-23,Curry - Chicken Tikka,1,7.95,0.0,13.2,307.0,32.8,24.6,15.7,0.8,0.0,
2019-07-23,Curry - King Prawn,1,11.95,0.0,13.2,307.0,32.8,24.6,15.7,0.8,0.0,
2019-07-23,Curry - Lamb,1,7.95,0.0,13.2,307.0,32.8,24.6,15.7,0.8,0.0,
2019-07-23,Dupiaza - Chicken,1,8.95,0.0,13.2,307.0,32.8,24.6,15.7,0.8,0.0,
2019-07-23,Garlic Naan,4,2.95,0.0,13.2,307.0,32.8,24.6,15.7,0.8,0.0,
2019-07-23,Garlic Rice,1,3.95,0.0,13.2,307.0,32.8,24.6,15.7,0.8,0.0,
2019-07-23,King Prawn Shaslick,1,12.95,0.0,13.2,307.0,32.8,24.6,15.7,0.8,0.0,
2019-07-23,Korma - Chicken,1,8.95,0.0,13.2,307.0,32.8,24.6,15.7,0.8,0.0,
2019-07-23,Lamb Balti,1,9.95,0.0,13.2,307.0,32.8,24.6,15.7,0.8,0.0,
2019-07-23,Lamb Tikka Pasanda,1,8.95,0.0,13.2,307.0,32.8,24.6,15.7,0.8,0.0,
2019-07-23,Madras - Chicken,1,7.95,0.0,13.2,307.0,32.8,24.6,15.7,0.8,0.0,
2019-07-23,Mango Chutney,2,0.5,0.0,13.2,307.0,32.8,24.6,15.7,0.8,0.0,
2019-07-23,Masala Sauce,1,3.95,0.0,13.2,307.0,32.8,24.6,15.7,0.8,0.0,
2019-07-23,Mint Sauce,2,0.5,0.0,13.2,307.0,32.8,24.6,15.7,0.8,0.0,
2019-07-23,Mushroom Bhajee,1,5.95,0.0,13.2,307.0,32.8,24.6,15.7,0.8,0.0,
2019-07-23,Mushroom Rice,2,3.95,0.0,13.2,307.0,32.8,24.6,15.7,0.8,0.0,
2019-07-23,Onion Bhajee,3,3.95,0.0,13.2,307.0,32.8,24.6,15.7,0.8,0.0,
2019-07-23,Peshwari Naan,2,2.95,0.0,13.2,307.0,32.8,24.6,15.7,0.8,0.0,
2019-07-23,Pilau Rice,4,2.95,0.0,13.2,307.0,32.8,24.6,15.7,0.8,0.0,
2019-07-23,Plain Naan,3,2.6,0.0,13.2,307.0,32.8,24.6,15.7,0.8,0.0,
2019-07-23,Plain Rice,1,2.95,0.0,13.2,307.0,32.8,24.6,15.7,0.8,0.0,
2019-07-23,Red Sauce,1,0.5,0.0,13.2,307.0,32.8,24.6,15.7,0.8,0.0,
2019-07-23,Royal Paneer,2,5.95,0.0,13.2,307.0,32.8,24.6,15.7,0.8,0.0,
2019-07-23,Saag Aloo,1,5.95,0.0,13.2,307.0,32.8,24.6,15.7,0.8,0.0,
2019-07-23,Saag Rice,1,3.95,0.0,13.2,307.0,32.8,24.6,15.7,0.8,0.0,
2019-07-23,Spicy Papadum,1,0.8,0.0,13.2,307.0,32.8,24.6,15.7,0.8,0.0,
2019-07-23,Tarka Dall,1,5.95,0.0,13.2,307.0,32.8,24.6,15.7,0.8,0.0,
2019-07-23,Vegetable Roll,1,4.95,0.0,13.2,307.0,32.8,24.6,15.7,0.8,0.0,
2019-07-24,Bombay Aloo,1,5.95,2.0,12.2,294.0,37.9,26.4,20.0,0.0,0.0,
2019-07-24,Butter Chicken,2,9.95,2.0,12.2,294.0,37.9,26.4,20.0,0.0,0.0,
2019-07-24,Chicken Chaat,1,4.95,2.0,12.2,294.0,37.9,26.4,20.0,0.0,0.0,
2019-07-24,Chicken Pakora,1,5.95,2.0,12.2,294.0,37.9,26.4,20.0,0.0,0.0,
2019-07-24,Chicken Tikka,3,4.95,2.0,12.2,294.0,37.9,26.4,20.0,0.0,0.0,
2019-07-24,Chicken Tikka Biryani,1,10.95,2.0,12.2,294.0,37.9,26.4,20.0,0.0,0.0,
2019-07-24,Chicken Tikka Jalfrezi,1,8.95,2.0,12.2,294.0,37.9,26.4,20.0,0.0,0.0,
2019-07-24,French Fries,2,3.95,2.0,12.2,294.0,37.9,26.4,20.0,0.0,0.0,
2019-07-24,Garlic Naan,6,2.95,2.0,12.2,294.0,37.9,26.4,20.0,0.0,0.0,
2019-07-24,Keema Naan,1,2.95,2.0,12.2,294.0,37.9,26.4,20.0,0.0,0.0,
2019-07-24,King Prawn Puree,2,5.95,2.0,12.2,294.0,37.9,26.4,20.0,0.0,0.0,
2019-07-24,Korma - Chicken,1,8.95,2.0,12.2,294.0,37.9,26.4,20.0,0.0,0.0,
2019-07-24,Lamb Biryani,1,9.95,2.0,12.2,294.0,37.9,26.4,20.0,0.0,0.0,
2019-07-24,Lamb Chilli Garlic,1,9.95,2.0,12.2,294.0,37.9,26.4,20.0,0.0,0.0,
2019-07-24,Lamb Tikka (Main),1,8.95,2.0,12.2,294.0,37.9,26.4,20.0,0.0,0.0,
2019-07-24,Lamb Tikka Masala,1,8.95,2.0,12.2,294.0,37.9,26.4,20.0,0.0,0.0,
2019-07-24,Madras - Chicken,1,7.95,2.0,12.2,294.0,37.9,26.4,20.0,0.0,0.0,
2019-07-24,Mango Chutney,1,0.5,2.0,12.2,294.0,37.9,26.4,20.0,0.0,0.0,
2019-07-24,Masala Sauce,1,3.95,2.0,12.2,294.0,37.9,26.4,20.0,0.0,0.0,
2019-07-24,Meat Samosa,1,3.95,2.0,12.2,294.0,37.9,26.4,20.0,0.0,0.0,
2019-07-24,Mint Sauce,1,0.5,2.0,12.2,294.0,37.9,26.4,20.0,0.0,0.0,
2019-07-24,Onion Bhajee,1,3.95,2.0,12.2,294.0,37.9,26.4,20.0,0.0,0.0,
2019-07-24,Onion Chutney,1,0.5,2.0,12.2,294.0,37.9,26.4,20.0,0.0,0.0,
2019-07-24,Onion Naan,1,2.95,2.0,12.2,294.0,37.9,26.4,20.0,0.0,0.0,
2019-07-24,Paneer Shaslick,1,9.95,2.0,12.2,294.0,37.9,26.4,20.0,0.0,0.0,
2019-07-24,Pilau Rice,3,2.95,2.0,12.2,294.0,37.9,26.4,20.0,0.0,0.0,
2019-07-24,Plain Naan,2,2.6,2.0,12.2,294.0,37.9,26.4,20.0,0.0,0.0,
2019-07-24,Plain Papadum,5,0.8,2.0,12.2,294.0,37.9,26.4,20.0,0.0,0.0,
2019-07-24,Plain Rice,2,2.95,2.0,12.2,294.0,37.9,26.4,20.0,0.0,0.0,
2019-07-24,Royal Paneer,1,5.95,2.0,12.2,294.0,37.9,26.4,20.0,0.0,0.0,
2019-07-24,Tandoori Chicken (Main),2,8.95,2.0,12.2,294.0,37.9,26.4,20.0,0.0,0.0,
2019-07-24,Tandoori Mixed Grill,1,11.95,2.0,12.2,294.0,37.9,26.4,20.0,0.0,0.0,
2019-07-25,Bombay Aloo,2,5.95,2.0,9.5,259.0,25.7,28.8,19.7,3.8,0.0,
2019-07-25,Bottle Coke,1,2.95,2.0,9.5,259.0,25.7,28.8,19.7,3.8,0.0,
2019-07-25,Butter Chicken,1,9.95,2.0,9.5,259.0,25.7,28.8,19.7,3.8,0.0,
2019-07-25,COBRA ( LARGE ),1,5.95,2.0,9.5,259.0,25.7,28.8,19.7,3.8,0.0,
2019-07-25,Chapati,1,1.95,2.0,9.5,259.0,25.7,28.8,19.7,3.8,0.0,
2019-07-25,Chicken Balti,1,9.95,2.0,9.5,259.0,25.7,28.8,19.7,3.8,0.0,
2019-07-25,Chicken Biryani,1,9.95,2.0,9.5,259.0,25.7,28.8,19.7,3.8,0.0,
2019-07-25,Chicken Hari Mirch,1,9.95,2.0,9.5,259.0,25.7,28.8,19.7,3.8,0.0,
2019-07-25,Chicken Haryali,1,9.95,2.0,9.5,259.0,25.7,28.8,19.7,3.8,0.0,
2019-07-25,Chicken Shashlick Curry,1,12.95,2.0,9.5,259.0,25.7,28.8,19.7,3.8,0.0,
2019-07-25,Chicken Tikka,1,4.95,2.0,9.5,259.0,25.7,28.8,19.7,3.8,0.0,
2019-07-25,Chicken Tikka Masala,1,8.95,2.0,9.5,259.0,25.7,28.8,19.7,3.8,0.0,
2019-07-25,French Fries,1,3.95,2.0,9.5,259.0,25.7,28.8,19.7,3.8,0.0,
2019-07-25,Garlic Naan,1,2.95,2.0,9.5,259.0,25.7,28.8,19.7,3.8,0.0,
2019-07-25,Keema Naan,1,2.95,2.0,9.5,259.0,25.7,28.8,19.7,3.8,0.0,
2019-07-25,Korma - Chicken,1,8.95,2.0,9.5,259.0,25.7,28.8,19.7,3.8,0.0,
2019-07-25,Lamb Balti,1,9.95,2.0,9.5,259.0,25.7,28.8,19.7,3.8,0.0,
2019-07-25,Lamb Biryani,1,9.95,2.0,9.5,259.0,25.7,28.8,19.7,3.8,0.0,
2019-07-25,Lemon Rice,1,3.95,2.0,9.5,259.0,25.7,28.8,19.7,3.8,0.0,
2019-07-25,Lime Pickle,1,0.5,2.0,9.5,259.0,25.7,28.8,19.7,3.8,0.0,
2019-07-25,Madras - Chicken,1,7.95,2.0,9.5,259.0,25.7,28.8,19.7,3.8,0.0,
2019-07-25,Mango Chutney,3,0.5,2.0,9.5,259.0,25.7,28.8,19.7,3.8,0.0,
2019-07-25,Meat Samosa,2,3.95,2.0,9.5,259.0,25.7,28.8,19.7,3.8,0.0,
2019-07-25,Mint Sauce,1,0.5,2.0,9.5,259.0,25.7,28.8,19.7,3.8,0.0,
2019-07-25,Mushroom Rice,1,3.95,2.0,9.5,259.0,25.7,28.8,19.7,3.8,0.0,
2019-07-25,Onion Bhajee,1,3.95,2.0,9.5,259.0,25.7,28.8,19.7,3.8,0.0,
2019-07-25,Onion Chutney,1,0.5,2.0,9.5,259.0,25.7,28.8,19.7,3.8,0.0,
2019-07-25,Onion Rice,1,3.95,2.0,9.5,259.0,25.7,28.8,19.7,3.8,0.0,
2019-07-25,Paneer Tikka Balti,1,10.95,2.0,9.5,259.0,25.7,28.8,19.7,3.8,0.0,
2019-07-25,Peshwari Naan,1,2.95,2.0,9.5,259.0,25.7,28.8,19.7,3.8,0.0,
2019-07-25,Pilau Rice,1,2.95,2.0,9.5,259.0,25.7,28.8,19.7,3.8,0.0,
2019-07-25,Plain Naan,7,2.6,2.0,9.5,259.0,25.7,28.8,19.7,3.8,0.0,
2019-07-25,Plain Papadum,8,0.8,2.0,9.5,259.0,25.7,28.8,19.7,3.8,0.0,
2019-07-25,Plain Rice,2,2.95,2.0,9.5,259.0,25.7,28.8,19.7,3.8,0.0,
2019-07-25,Puree,3,1.95,2.0,9.5,259.0,25.7,28.8,19.7,3.8,0.0,
2019-07-25,Red Sauce,1,0.5,2.0,9.5,259.0,25.7,28.8,19.7,3.8,0.0,
2019-07-25,Royal Paneer,1,5.95,2.0,9.5,259.0,25.7,28.8,19.7,3.8,0.0,
2019-07-25,Saag Aloo,3,5.95,2.0,9.5,259.0,25.7,28.8,19.7,3.8,0.0,
2019-07-25,Saag Paneer,1,5.95,2.0,9.5,259.0,25.7,28.8,19.7,3.8,0.0,
2019-07-25,Saag Rice,1,3.95,2.0,9.5,259.0,25.7,28.8,19.7,3.8,0.0,
2019-07-25,Spicy Papadum,1,0.8,2.0,9.5,259.0,25.7,28.8,19.7,3.8,0.0,
2019-07-25,Tandoori King Prawn Garlic,1,12.95,2.0,9.5,259.0,25.7,28.8,19.7,3.8,0.0,
2019-07-25,Tandoori Mixed Grill,2,11.95,2.0,9.5,259.0,25.7,28.8,19.7,3.8,0.0,
2019-07-25,Tandoori Roti,1,2.6,2.0,9.5,259.0,25.7,28.8,19.7,3.8,0.0,
2019-07-25,Vegetable Biryani,6,9.95,2.0,9.5,259.0,25.7,28.8,19.7,3.8,0.0,
2019-07-25,Vegetable Rice,1,3.95,2.0,9.5,259.0,25.7,28.8,19.7,3.8,0.0,
2019-07-25,Vindaloo - Chicken,1,7.95,2.0,9.5,259.0,25.7,28.8,19.7,3.8,0.0,
2019-07-26,Aloo Gobi,3,5.95,8.0,0.7,105.0,20.3,22.2,18.7,14.4,0.0,
2019-07-26,Bhuna - Chicken Tikka,1,8.95,8.0,0.7,105.0,20.3,22.2,18.7,14.4,0.0,
2019-07-26,Bhuna - Lamb,1,8.95,8.0,0.7,105.0,20.3,22.2,18.7,14.4,0.0,
2019-07-26,Bhuna - Prawn,1,9.95,8.0,0.7,105.0,20.3,22.2,18.7,14.4,0.0,
2019-07-26,Bombay Aloo,3,5.95,8.0,0.7,105.0,20.3,22.2,18.7,14.4,0.0,
2019-07-26,Bottle Coke,1,2.95,8.0,0.7,105.0,20.3,22.2,18.7,14.4,0.0,
2019-07-26,Butter Chicken,1,9.95,8.0,0.7,105.0,20.3,22.2,18.7,14.4,0.0,
2019-07-26,COBRA (330ML),1,3.95,8.0,0.7,105.0,20.3,22.2,18.7,14.4,0.0,
2019-07-26,Cauliflower Bhajee,3,5.95,8.0,0.7,105.0,20.3,22.2,18.7,14.4,0.0,
2019-07-26,Chapati,3,1.95,8.0,0.7,105.0,20.3,22.2,18.7,14.4,0.0,
2019-07-26,Chicken Balti,2,9.95,8.0,0.7,105.0,20.3,22.2,18.7,14.4,0.0,
2019-07-26,Chicken Biryani,1,9.95,8.0,0.7,105.0,20.3,22.2,18.7,14.4,0.0,
2019-07-26,Chicken Chilli Garlic,1,9.95,8.0,0.7,105.0,20.3,22.2,18.7,14.4,0.0,
2019-07-26,Chicken Haryali,1,9.95,8.0,0.7,105.0,20.3,22.2,18.7,14.4,0.0,
2019-07-26,Chicken Pakora,3,5.95,8.0,0.7,105.0,20.3,22.2,18.7,14.4,0.0,
2019-07-26,Chicken Shashlick,1,9.95,8.0,0.7,105.0,20.3,22.2,18.7,14.4,0.0,
2019-07-26,Chicken Tikka,4,4.95,8.0,0.7,105.0,20.3,22.2,18.7,14.4,0.0,
2019-07-26,Chicken Tikka (Main),1,8.95,8.0,0.7,105.0,20.3,22.2,18.7,14.4,0.0,
2019-07-26,Chicken Tikka Balti,3,10.95,8.0,0.7,105.0,20.3,22.2,18.7,14.4,0.0,
2019-07-26,Chicken Tikka Biryani,2,10.95,8.0,0.7,105.0,20.3,22.2,18.7,14.4,0.0,
2019-07-26,Chicken Tikka Masala,10,8.95,8.0,0.7,105.0,20.3,22.2,18.7,14.4,0.0,
2019-07-26,Chicken Tikka Pasanda,1,8.95,8.0,0.7,105.0,20.3,22.2,18.7,14.4,0.0,
2019-07-26,Curry - Chicken,5,7.95,8.0,0.7,105.0,20.3,22.2,18.7,14.4,0.0,
2019-07-26,Curry - Lamb,1,7.95,8.0,0.7,105.0,20.3,22.2,18.7,14.4,0.0,
2019-07-26,Dhansak - Chicken,1,8.95,8.0,0.7,105.0,20.3,22.2,18.7,14.4,0.0,
2019-07-26,Dhansak Sauce,1,3.95,8.0,0.7,105.0,20.3,22.2,18.7,14.4,0.0,
2019-07-26,Egg Paratha,1,3.95,8.0,0.7,105.0,20.3,22.2,18.7,14.4,0.0,
2019-07-26,French Fries,1,3.95,8.0,0.7,105.0,20.3,22.2,18.7,14.4,0.0,
2019-07-26,Garlic Naan,4,2.95,8.0,0.7,105.0,20.3,22.2,18.7,14.4,0.0,
2019-07-26,Garlic Rice,1,3.95,8.0,0.7,105.0,20.3,22.2,18.7,14.4,0.0,
2019-07-26,Green Salad,1,2.95,8.0,0.7,105.0,20.3,22.2,18.7,14.4,0.0,
2019-07-26,Hazary Lamb Chilli Garlic,1,12.95,8.0,0.7,105.0,20.3,22.2,18.7,14.4,0.0,
2019-07-26,Keema Naan,2,2.95,8.0,0.7,105.0,20.3,22.2,18.7,14.4,0.0,
2019-07-26,Keema Rice,3,3.95,8.0,0.7,105.0,20.3,22.2,18.7,14.4,0.0,
2019-07-26,Korma - Chicken,2,8.95,8.0,0.7,105.0,20.3,22.2,18.7,14.4,0.0,
2019-07-26,Lamb Biryani,1,9.95,8.0,0.7,105.0,20.3,22.2,18.7,14.4,0.0,
2019-07-26,Lamb Hari Mirch,1,9.95,8.0,0.7,105.0,20.3,22.2,18.7,14.4,0.0,
2019-07-26,Lamb Karahi,1,8.95,8.0,0.7,105.0,20.3,22.2,18.7,14.4,0.0,
2019-07-26,Lamb Shashlick Curry,1,12.95,8.0,0.7,105.0,20.3,22.2,18.7,14.4,0.0,
2019-07-26,Lamb Tikka (Main),1,8.95,8.0,0.7,105.0,20.3,22.2,18.7,14.4,0.0,
2019-07-26,Lamb Tikka Jalfrezi,1,8.95,8.0,0.7,105.0,20.3,22.2,18.7,14.4,0.0,
2019-07-26,Lamb Tikka Masala,1,8.95,8.0,0.7,105.0,20.3,22.2,18.7,14.4,0.0,
2019-07-26,Lime Pickle,2,0.5,8.0,0.7,105.0,20.3,22.2,18.7,14.4,0.0,
2019-07-26,Madras - Chicken,3,7.95,8.0,0.7,105.0,20.3,22.2,18.7,14.4,0.0,
2019-07-26,Madras - Prawn,1,8.95,8.0,0.7,105.0,20.3,22.2,18.7,14.4,0.0,
2019-07-26,Mango Chutney,7,0.5,8.0,0.7,105.0,20.3,22.2,18.7,14.4,0.0,
2019-07-26,Meat Samosa,3,3.95,8.0,0.7,105.0,20.3,22.2,18.7,14.4,0.0,
2019-07-26,Mint Sauce,6,0.5,8.0,0.7,105.0,20.3,22.2,18.7,14.4,0.0,
2019-07-26,Mixed Starter,1,5.95,8.0,0.7,105.0,20.3,22.2,18.7,14.4,0.0,
2019-07-26,Mushroom Rice,1,3.95,8.0,0.7,105.0,20.3,22.2,18.7,14.4,0.0,
2019-07-26,Onion Bhajee,4,3.95,8.0,0.7,105.0,20.3,22.2,18.7,14.4,0.0,
2019-07-26,Onion Chutney,1,0.5,8.0,0.7,105.0,20.3,22.2,18.7,14.4,0.0,
2019-07-26,Onion Rice,1,3.95,8.0,0.7,105.0,20.3,22.2,18.7,14.4,0.0,
2019-07-26,Paneer Tikka Balti,1,10.95,8.0,0.7,105.0,20.3,22.2,18.7,14.4,0.0,
2019-07-26,Paneer Tikka Masala,1,8.95,8.0,0.7,105.0,20.3,22.2,18.7,14.4,0.0,
2019-07-26,Paratha,1,2.95,8.0,0.7,105.0,20.3,22.2,18.7,14.4,0.0,
2019-07-26,Peshwari Naan,3,2.95,8.0,0.7,105.0,20.3,22.2,18.7,14.4,0.0,
2019-07-26,Pilau Rice,18,2.95,8.0,0.7,105.0,20.3,22.2,18.7,14.4,0.0,
2019-07-26,Plain Naan,14,2.6,8.0,0.7,105.0,20.3,22.2,18.7,14.4,0.0,
2019-07-26,Plain Papadum,19,0.8,8.0,0.7,105.0,20.3,22.2,18.7,14.4,0.0,
2019-07-26,Plain Rice,7,2.95,8.0,0.7,105.0,20.3,22.2,18.7,14.4,0.0,
2019-07-26,Prawn Biryani,1,10.95,8.0,0.7,105.0,20.3,22.2,18.7,14.4,0.0,
2019-07-26,Prawn Puree,1,4.95,8.0,0.7,105.0,20.3,22.2,18.7,14.4,0.0,
2019-07-26,Red Sauce,5,0.5,8.0,0.7,105.0,20.3,22.2,18.7,14.4,0.0,
2019-07-26,Royal Paneer,2,5.95,8.0,0.7,105.0,20.3,22.2,18.7,14.4,0.0,
2019-07-26,Saag Aloo,5,5.95,8.0,0.7,105.0,20.3,22.2,18.7,14.4,0.0,
2019-07-26,Saag Dall,1,5.95,8.0,0.7,105.0,20.3,22.2,18.7,14.4,0.0,
2019-07-26,Saag Rice,1,3.95,8.0,0.7,105.0,20.3,22.2,18.7,14.4,0.0,
2019-07-26,Sheek Kebab,2,4.95,8.0,0.7,105.0,20.3,22.2,18.7,14.4,0.0,
2019-07-26,Special Fried Rice,3,3.95,8.0,0.7,105.0,20.3,22.2,18.7,14.4,0.0,
2019-07-26,Spicy Papadum,3,0.8,8.0,0.7,105.0,20.3,22.2,18.7,14.4,0.0,
2019-07-26,Stuffed Paratha,1,3.95,8.0,0.7,105.0,20.3,22.2,18.7,14.4,0.0,
2019-07-26,Tandoori Mixed Grill,3,11.95,8.0,0.7,105.0,20.3,22.2,18.7,14.4,0.0,
2019-07-26,Tandoori Roti,1,2.6,8.0,0.7,105.0,20.3,22.2,18.7,14.4,0.0,
2019-07-26,Tarka Dall,3,5.95,8.0,0.7,105.0,20.3,22.2,18.7,14.4,0.0,
2019-07-26,Vegetable Rice,1,3.95,8.0,0.7,105.0,20.3,22.2,18.7,14.4,0.0,
2019-07-27,Aloo Gobi,4,5.95,8.0,0.0,74.0,24.3,18.2,16.1,0.4,0.0,
2019-07-27,Bhuna - Chicken,3,8.95,8.0,0.0,74.0,24.3,18.2,16.1,0.4,0.0,
2019-07-27,Bhuna - Chicken Tikka,2,8.95,8.0,0.0,74.0,24.3,18.2,16.1,0.4,0.0,
2019-07-27,Bhuna - Lamb,1,8.95,8.0,0.0,74.0,24.3,18.2,16.1,0.4,0.0,
2019-07-27,Bombay Aloo,4,5.95,8.0,0.0,74.0,24.3,18.2,16.1,0.4,0.0,
2019-07-27,Butter Chicken,3,9.95,8.0,0.0,74.0,24.3,18.2,16.1,0.4,0.0,
2019-07-27,Cauliflower Bhajee,1,5.95,8.0,0.0,74.0,24.3,18.2,16.1,0.4,0.0,
2019-07-27,Chicken Biryani,3,9.95,8.0,0.0,74.0,24.3,18.2,16.1,0.4,0.0,
2019-07-27,Chicken Chaat,1,4.95,8.0,0.0,74.0,24.3,18.2,16.1,0.4,0.0,
2019-07-27,Chicken Chilli Garlic,2,9.95,8.0,0.0,74.0,24.3,18.2,16.1,0.4,0.0,
2019-07-27,Chicken Hari Mirch,2,9.95,8.0,0.0,74.0,24.3,18.2,16.1,0.4,0.0,
2019-07-27,Chicken Pakora,1,5.95,8.0,0.0,74.0,24.3,18.2,16.1,0.4,0.0,
2019-07-27,Chicken Rezala,1,9.95,8.0,0.0,74.0,24.3,18.2,16.1,0.4,0.0,
2019-07-27,Chicken Shashlick,2,9.95,8.0,0.0,74.0,24.3,18.2,16.1,0.4,0.0,
2019-07-27,Chicken Tikka,1,4.95,8.0,0.0,74.0,24.3,18.2,16.1,0.4,0.0,
2019-07-27,Chicken Tikka (Main),3,8.95,8.0,0.0,74.0,24.3,18.2,16.1,0.4,0.0,
2019-07-27,Chicken Tikka Balti,1,10.95,8.0,0.0,74.0,24.3,18.2,16.1,0.4,0.0,
2019-07-27,Chicken Tikka Jalfrezi,1,8.95,8.0,0.0,74.0,24.3,18.2,16.1,0.4,0.0,
2019-07-27,Chicken Tikka Karahi,2,9.95,8.0,0.0,74.0,24.3,18.2,16.1,0.4,0.0,
2019-07-27,Chicken Tikka Masala,7,8.95,8.0,0.0,74.0,24.3,18.2,16.1,0.4,0.0,
2019-07-27,Chicken Tikka Pasanda,1,8.95,8.0,0.0,74.0,24.3,18.2,16.1,0.4,0.0,
2019-07-27,Curry - Chicken,1,7.95,8.0,0.0,74.0,24.3,18.2,16.1,0.4,0.0,
2019-07-27,Curry - Lamb,1,7.95,8.0,0.0,74.0,24.3,18.2,16.1,0.4,0.0,
2019-07-27,Curry Sauce,1,3.95,8.0,0.0,74.0,24.3,18.2,16.1,0.4,0.0,
2019-07-27,Dhansak - Chicken,2,8.95,8.0,0.0,74.0,24.3,18.2,16.1,0.4,0.0,
2019-07-27,Egg Rice,1,3.95,8.0,0.0,74.0,24.3,18.2,16.1,0.4,0.0,
2019-07-27,French Fries,1,3.95,8.0,0.0,74.0,24.3,18.2,16.1,0.4,0.0,
2019-07-27,Garlic Naan,7,2.95,8.0,0.0,74.0,24.3,18.2,16.1,0.4,0.0,
2019-07-27,Green Salad,1,2.95,8.0,0.0,74.0,24.3,18.2,16.1,0.4,0.0,
2019-07-27,Keema Naan,2,2.95,8.0,0.0,74.0,24.3,18.2,16.1,0.4,0.0,
2019-07-27,King Prawn Hari Mirch,1,12.95,8.0,0.0,74.0,24.3,18.2,16.1,0.4,0.0,
2019-07-27,Korma - Chicken,3,8.95,8.0,0.0,74.0,24.3,18.2,16.1,0.4,0.0,
2019-07-27,Korma - Chicken Tikka,1,8.95,8.0,0.0,74.0,24.3,18.2,16.1,0.4,0.0,
2019-07-27,Korma Sauce,2,3.95,8.0,0.0,74.0,24.3,18.2,16.1,0.4,0.0,
2019-07-27,Lamb Biryani,8,9.95,8.0,0.0,74.0,24.3,18.2,16.1,0.4,0.0,
2019-07-27,Lamb Shashlick,1,9.95,8.0,0.0,74.0,24.3,18.2,16.1,0.4,0.0,
2019-07-27,Lamb Tikka,2,4.95,8.0,0.0,74.0,24.3,18.2,16.1,0.4,0.0,
2019-07-27,Lime Pickle,2,0.5,8.0,0.0,74.0,24.3,18.2,16.1,0.4,0.0,
2019-07-27,Madras - Chicken,2,7.95,8.0,0.0,74.0,24.3,18.2,16.1,0.4,0.0,
2019-07-27,Madras - Chicken Tikka,1,7.95,8.0,0.0,74.0,24.3,18.2,16.1,0.4,0.0,
2019-07-27,Madras - Lamb,1,7.95,8.0,0.0,74.0,24.3,18.2,16.1,0.4,0.0,
2019-07-27,Mango Chutney,10,0.5,8.0,0.0,74.0,24.3,18.2,16.1,0.4,0.0,
2019-07-27,Meat Samosa,2,3.95,8.0,0.0,74.0,24.3,18.2,16.1,0.4,0.0,
2019-07-27,Mint Sauce,9,0.5,8.0,0.0,74.0,24.3,18.2,16.1,0.4,0.0,
2019-07-27,Mixed Vegetable Curry,1,5.95,8.0,0.0,74.0,24.3,18.2,16.1,0.4,0.0,
2019-07-27,Mushroom Bhajee,1,5.95,8.0,0.0,74.0,24.3,18.2,16.1,0.4,0.0,
2019-07-27,Mushroom Rice,2,3.95,8.0,0.0,74.0,24.3,18.2,16.1,0.4,0.0,
2019-07-27,Onion Bhajee,10,3.95,8.0,0.0,74.0,24.3,18.2,16.1,0.4,0.0,
2019-07-27,Onion Chutney,2,0.5,8.0,0.0,74.0,24.3,18.2,16.1,0.4,0.0,
2019-07-27,Onion Naan,2,2.95,8.0,0.0,74.0,24.3,18.2,16.1,0.4,0.0,
2019-07-27,Pathia - Chicken,1,8.95,8.0,0.0,74.0,24.3,18.2,16.1,0.4,0.0,
2019-07-27,Peshwari Naan,6,2.95,8.0,0.0,74.0,24.3,18.2,16.1,0.4,0.0,
2019-07-27,Pilau Rice,27,2.95,8.0,0.0,74.0,24.3,18.2,16.1,0.4,0.0,
2019-07-27,Plain Naan,18,2.6,8.0,0.0,74.0,24.3,18.2,16.1,0.4,0.0,
2019-07-27,Plain Papadum,37,0.8,8.0,0.0,74.0,24.3,18.2,16.1,0.4,0.0,
2019-07-27,Plain Rice,4,2.95,8.0,0.0,74.0,24.3,18.2,16.1,0.4,0.0,
2019-07-27,Puree,2,1.95,8.0,0.0,74.0,24.3,18.2,16.1,0.4,0.0,
2019-07-27,Red Sauce,3,0.5,8.0,0.0,74.0,24.3,18.2,16.1,0.4,0.0,
2019-07-27,Rogon - Lamb,1,8.95,8.0,0.0,74.0,24.3,18.2,16.1,0.4,0.0,
2019-07-27,Saag Aloo,1,5.95,8.0,0.0,74.0,24.3,18.2,16.1,0.4,0.0,
2019-07-27,Saag Dall,1,5.95,8.0,0.0,74.0,24.3,18.2,16.1,0.4,0.0,
2019-07-27,Saag Paneer,1,5.95,8.0,0.0,74.0,24.3,18.2,16.1,0.4,0.0,
2019-07-27,Spicy Papadum,1,0.8,8.0,0.0,74.0,24.3,18.2,16.1,0.4,0.0,
2019-07-27,Tandoori Chicken (1/4),2,4.95,8.0,0.0,74.0,24.3,18.2,16.1,0.4,0.0,
2019-07-27,Tarka Dall,1,5.95,8.0,0.0,74.0,24.3,18.2,16.1,0.4,0.0,
2019-07-27,Vegetable Biryani,1,9.95,8.0,0.0,74.0,24.3,18.2,16.1,0.4,0.0,
2019-07-27,Vegetable Roll,1,4.95,8.0,0.0,74.0,24.3,18.2,16.1,0.4,0.0,
2019-07-27,Vindaloo - Chicken,1,7.95,8.0,0.0,74.0,24.3,18.2,16.1,0.4,0.0,
2019-07-28,Bhuna - Chicken,1,8.95,6.0,1.3,120.0,26.2,19.9,15.5,0.0,0.0,
2019-07-28,Bhuna - Chicken Tikka,1,8.95,6.0,1.3,120.0,26.2,19.9,15.5,0.0,0.0,
2019-07-28,Bhuna - Lamb,1,8.95,6.0,1.3,120.0,26.2,19.9,15.5,0.0,0.0,
2019-07-28,Bombay Aloo,1,5.95,6.0,1.3,120.0,26.2,19.9,15.5,0.0,0.0,
2019-07-28,Bottle Coke,1,2.95,6.0,1.3,120.0,26.2,19.9,15.5,0.0,0.0,
2019-07-28,Butter Chicken,1,9.95,6.0,1.3,120.0,26.2,19.9,15.5,0.0,0.0,
2019-07-28,Chapati,8,1.95,6.0,1.3,120.0,26.2,19.9,15.5,0.0,0.0,
2019-07-28,Chicken Balti,1,9.95,6.0,1.3,120.0,26.2,19.9,15.5,0.0,0.0,
2019-07-28,Chicken Chaat,1,4.95,6.0,1.3,120.0,26.2,19.9,15.5,0.0,0.0,
2019-07-28,Chicken Chilli Garlic,1,9.95,6.0,1.3,120.0,26.2,19.9,15.5,0.0,0.0,
2019-07-28,Chicken Karahi,1,8.95,6.0,1.3,120.0,26.2,19.9,15.5,0.0,0.0,
2019-07-28,Chicken Pakora,1,5.95,6.0,1.3,120.0,26.2,19.9,15.5,0.0,0.0,
2019-07-28,Chicken Rezala,1,9.95,6.0,1.3,120.0,26.2,19.9,15.5,0.0,0.0,
2019-07-28,Chicken Shashlick Curry,1,12.95,6.0,1.3,120.0,26.2,19.9,15.5,0.0,0.0,
2019-07-28,Chicken Tikka,1,4.95,6.0,1.3,120.0,26.2,19.9,15.5,0.0,0.0,
2019-07-28,Chicken Tikka Masala,5,8.95,6.0,1.3,120.0,26.2,19.9,15.5,0.0,0.0,
2019-07-28,Curry - Chicken,2,7.95,6.0,1.3,120.0,26.2,19.9,15.5,0.0,0.0,
2019-07-28,Dhansak - Chicken Tikka,1,8.95,6.0,1.3,120.0,26.2,19.9,15.5,0.0,0.0,
2019-07-28,Dupiaza - Chicken,2,8.95,6.0,1.3,120.0,26.2,19.9,15.5,0.0,0.0,
2019-07-28,Egg Rice,1,3.95,6.0,1.3,120.0,26.2,19.9,15.5,0.0,0.0,
2019-07-28,Garlic Naan,5,2.95,6.0,1.3,120.0,26.2,19.9,15.5,0.0,0.0,
2019-07-28,Garlic Rice,1,3.95,6.0,1.3,120.0,26.2,19.9,15.5,0.0,0.0,
2019-07-28,Keema Naan,1,2.95,6.0,1.3,120.0,26.2,19.9,15.5,0.0,0.0,
2019-07-28,King Prawn Puree,2,5.95,6.0,1.3,120.0,26.2,19.9,15.5,0.0,0.0,
2019-07-28,Korma - Chicken,8,8.95,6.0,1.3,120.0,26.2,19.9,15.5,0.0,0.0,
2019-07-28,Korma Sauce,1,3.95,6.0,1.3,120.0,26.2,19.9,15.5,0.0,0.0,
2019-07-28,Lamb Balti,1,9.95,6.0,1.3,120.0,26.2,19.9,15.5,0.0,0.0,
2019-07-28,Lamb Biryani,2,9.95,6.0,1.3,120.0,26.2,19.9,15.5,0.0,0.0,
2019-07-28,Lamb Hari Mirch,1,9.95,6.0,1.3,120.0,26.2,19.9,15.5,0.0,0.0,
2019-07-28,Lamb Rezala,1,9.95,6.0,1.3,120.0,26.2,19.9,15.5,0.0,0.0,
2019-07-28,Mango Chutney,5,0.5,6.0,1.3,120.0,26.2,19.9,15.5,0.0,0.0,
2019-07-28,Meat Samosa,2,3.95,6.0,1.3,120.0,26.2,19.9,15.5,0.0,0.0,
2019-07-28,Mint Sauce,3,0.5,6.0,1.3,120.0,26.2,19.9,15.5,0.0,0.0,
2019-07-28,Mushroom Rice,1,3.95,6.0,1.3,120.0,26.2,19.9,15.5,0.0,0.0,
2019-07-28,Onion Bhajee,4,3.95,6.0,1.3,120.0,26.2,19.9,15.5,0.0,0.0,
2019-07-28,Onion Chutney,2,0.5,6.0,1.3,120.0,26.2,19.9,15.5,0.0,0.0,
2019-07-28,Onion Rice,1,3.95,6.0,1.3,120.0,26.2,19.9,15.5,0.0,0.0,
2019-07-28,Paneer Tikka Masala,1,8.95,6.0,1.3,120.0,26.2,19.9,15.5,0.0,0.0,
2019-07-28,Pathia - Lamb,1,8.95,6.0,1.3,120.0,26.2,19.9,15.5,0.0,0.0,
2019-07-28,Peshwari Naan,1,2.95,6.0,1.3,120.0,26.2,19.9,15.5,0.0,0.0,
2019-07-28,Pilau Rice,9,2.95,6.0,1.3,120.0,26.2,19.9,15.5,0.0,0.0,
2019-07-28,Plain Naan,5,2.6,6.0,1.3,120.0,26.2,19.9,15.5,0.0,0.0,
2019-07-28,Plain Papadum,18,0.8,6.0,1.3,120.0,26.2,19.9,15.5,0.0,0.0,
2019-07-28,Plain Rice,8,2.95,6.0,1.3,120.0,26.2,19.9,15.5,0.0,0.0,
2019-07-28,Prawn Puree,1,4.95,6.0,1.3,120.0,26.2,19.9,15.5,0.0,0.0,
2019-07-28,Puree,1,1.95,6.0,1.3,120.0,26.2,19.9,15.5,0.0,0.0,
2019-07-28,Saag Aloo,3,5.95,6.0,1.3,120.0,26.2,19.9,15.5,0.0,0.0,
2019-07-28,Saag Bhajee,1,5.95,6.0,1.3,120.0,26.2,19.9,15.5,0.0,0.0,
2019-07-28,Special Fried Rice,1,3.95,6.0,1.3,120.0,26.2,19.9,15.5,0.0,0.0,
2019-07-28,Spicy Papadum,2,0.8,6.0,1.3,120.0,26.2,19.9,15.5,0.0,0.0,
2019-07-28,Tandoori Chicken (Main),1,8.95,6.0,1.3,120.0,26.2,19.9,15.5,0.0,0.0,
2019-07-28,Tarka Dall,1,5.95,6.0,1.3,120.0,26.2,19.9,15.5,0.0,0.0,
2019-07-28,Vegetable Biryani,1,9.95,6.0,1.3,120.0,26.2,19.9,15.5,0.0,0.0,
2019-07-28,Vegetable Rice,4,3.95,6.0,1.3,120.0,26.2,19.9,15.5,0.0,0.0,
2019-07-29,Aloo Methi,1,5.95,4.0,11.4,280.0,19.9,19.7,13.2,0.0,0.0,
2019-07-29,Bhuna - Chicken,1,8.95,4.0,11.4,280.0,19.9,19.7,13.2,0.0,0.0,
2019-07-29,Chapati,1,1.95,4.0,11.4,280.0,19.9,19.7,13.2,0.0,0.0,
2019-07-29,Chicken Chaat,1,4.95,4.0,11.4,280.0,19.9,19.7,13.2,0.0,0.0,
2019-07-29,Chicken Tikka (Main),1,8.95,4.0,11.4,280.0,19.9,19.7,13.2,0.0,0.0,
2019-07-29,Chicken Tikka Jalfrezi,1,8.95,4.0,11.4,280.0,19.9,19.7,13.2,0.0,0.0,
2019-07-29,Chicken Tikka Masala,3,8.95,4.0,11.4,280.0,19.9,19.7,13.2,0.0,0.0,
2019-07-29,Keema Naan,2,2.95,4.0,11.4,280.0,19.9,19.7,13.2,0.0,0.0,
2019-07-29,King Prawn Puree,2,5.95,4.0,11.4,280.0,19.9,19.7,13.2,0.0,0.0,
2019-07-29,Korma - Chicken,3,8.95,4.0,11.4,280.0,19.9,19.7,13.2,0.0,0.0,
2019-07-29,Korma - Chicken Tikka,1,8.95,4.0,11.4,280.0,19.9,19.7,13.2,0.0,0.0,
2019-07-29,Korma Sauce,1,3.95,4.0,11.4,280.0,19.9,19.7,13.2,0.0,0.0,
2019-07-29,Lamb Balti,1,9.95,4.0,11.4,280.0,19.9,19.7,13.2,0.0,0.0,
2019-07-29,Lamb Tikka Balti,1,10.95,4.0,11.4,280.0,19.9,19.7,13.2,0.0,0.0,
2019-07-29,Madras - Chicken,1,7.95,4.0,11.4,280.0,19.9,19.7,13.2,0.0,0.0,
2019-07-29,Mango Chutney,1,0.5,4.0,11.4,280.0,19.9,19.7,13.2,0.0,0.0,
2019-07-29,Meat Samosa,1,3.95,4.0,11.4,280.0,19.9,19.7,13.2,0.0,0.0,
2019-07-29,Methi - Lamb,1,8.95,4.0,11.4,280.0,19.9,19.7,13.2,0.0,0.0,
2019-07-29,Mint Sauce,1,0.5,4.0,11.4,280.0,19.9,19.7,13.2,0.0,0.0,
2019-07-29,Mushroom Rice,1,3.95,4.0,11.4,280.0,19.9,19.7,13.2,0.0,0.0,
2019-07-29,Onion Bhajee,2,3.95,4.0,11.4,280.0,19.9,19.7,13.2,0.0,0.0,
2019-07-29,Paneer Tikka Masala,1,8.95,4.0,11.4,280.0,19.9,19.7,13.2,0.0,0.0,
2019-07-29,Peshwari Naan,1,2.95,4.0,11.4,280.0,19.9,19.7,13.2,0.0,0.0,
2019-07-29,Pilau Rice,4,2.95,4.0,11.4,280.0,19.9,19.7,13.2,0.0,0.0,
2019-07-29,Plain Naan,4,2.6,4.0,11.4,280.0,19.9,19.7,13.2,0.0,0.0,
2019-07-29,Plain Papadum,5,0.8,4.0,11.4,280.0,19.9,19.7,13.2,0.0,0.0,
2019-07-29,Plain Rice,5,2.95,4.0,11.4,280.0,19.9,19.7,13.2,0.0,0.0,
2019-07-29,Red Sauce,1,0.5,4.0,11.4,280.0,19.9,19.7,13.2,0.0,0.0,
2019-07-29,Royal Paneer,1,5.95,4.0,11.4,280.0,19.9,19.7,13.2,0.0,0.0,
2019-07-29,Saag Aloo,2,5.95,4.0,11.4,280.0,19.9,19.7,13.2,0.0,0.0,
2019-07-29,Saag Paneer,1,5.95,4.0,11.4,280.0,19.9,19.7,13.2,0.0,0.0,
2019-07-29,Tandoori Chicken (Main),1,8.95,4.0,11.4,280.0,19.9,19.7,13.2,0.0,0.0,
2019-07-29,Tandoori King Prawn Garlic,1,12.95,4.0,11.4,280.0,19.9,19.7,13.2,0.0,0.0,
2019-07-29,Tandoori Mixed Grill,1,11.95,4.0,11.4,280.0,19.9,19.7,13.2,0.0,0.0,
2019-07-29,Tandoori Roti,1,2.6,4.0,11.4,280.0,19.9,19.7,13.2,0.0,0.0,
2019-07-30,Aloo Chaat,2,4.95,6.0,1.5,124.0,24.9,18.4,17.0,3.8,0.0,
2019-07-30,Baingan Hari Mirch,2,5.95,6.0,1.5,124.0,24.9,18.4,17.0,3.8,0.0,
2019-07-30,Bhindi Bhajee,2,5.95,6.0,1.5,124.0,24.9,18.4,17.0,3.8,0.0,
2019-07-30,Bombay Aloo,1,5.95,6.0,1.5,124.0,24.9,18.4,17.0,3.8,0.0,
2019-07-30,Bottle Coke,1,2.95,6.0,1.5,124.0,24.9,18.4,17.0,3.8,0.0,
2019-07-30,COBRA ( LARGE ),2,5.95,6.0,1.5,124.0,24.9,18.4,17.0,3.8,0.0,
2019-07-30,Chana Masala,1,5.95,6.0,1.5,124.0,24.9,18.4,17.0,3.8,0.0,
2019-07-30,Chicken Balti,1,9.95,6.0,1.5,124.0,24.9,18.4,17.0,3.8,0.0,
2019-07-30,Chicken Mysore,1,9.95,6.0,1.5,124.0,24.9,18.4,17.0,3.8,0.0,
2019-07-30,Chicken Pakora,1,5.95,6.0,1.5,124.0,24.9,18.4,17.0,3.8,0.0,
2019-07-30,Chicken Roshni,1,9.95,6.0,1.5,124.0,24.9,18.4,17.0,3.8,0.0,
2019-07-30,Chicken Shashlick,2,9.95,6.0,1.5,124.0,24.9,18.4,17.0,3.8,0.0,
2019-07-30,Chicken Tikka Balti,1,10.95,6.0,1.5,124.0,24.9,18.4,17.0,3.8,0.0,
2019-07-30,Chicken Tikka Masala,1,8.95,6.0,1.5,124.0,24.9,18.4,17.0,3.8,0.0,
2019-07-30,Dhansak Sauce,2,3.95,6.0,1.5,124.0,24.9,18.4,17.0,3.8,0.0,
2019-07-30,French Fries,4,3.95,6.0,1.5,124.0,24.9,18.4,17.0,3.8,0.0,
2019-07-30,Garlic Naan,3,2.95,6.0,1.5,124.0,24.9,18.4,17.0,3.8,0.0,
2019-07-30,Garlic Rice,1,3.95,6.0,1.5,124.0,24.9,18.4,17.0,3.8,0.0,
2019-07-30,Green Salad,1,2.95,6.0,1.5,124.0,24.9,18.4,17.0,3.8,0.0,
2019-07-30,Keema Naan,1,2.95,6.0,1.5,124.0,24.9,18.4,17.0,3.8,0.0,
2019-07-30,King Prawn Puree,2,5.95,6.0,1.5,124.0,24.9,18.4,17.0,3.8,0.0,
2019-07-30,Korma - Chicken,1,8.95,6.0,1.5,124.0,24.9,18.4,17.0,3.8,0.0,
2019-07-30,Lamb Chilli Garlic,1,9.95,6.0,1.5,124.0,24.9,18.4,17.0,3.8,0.0,
2019-07-30,Lamb Tikka Biryani,1,10.95,6.0,1.5,124.0,24.9,18.4,17.0,3.8,0.0,
2019-07-30,Lemon Rice,2,3.95,6.0,1.5,124.0,24.9,18.4,17.0,3.8,0.0,
2019-07-30,Lime Pickle,1,0.5,6.0,1.5,124.0,24.9,18.4,17.0,3.8,0.0,
2019-07-30,Madras - Chicken,2,7.95,6.0,1.5,124.0,24.9,18.4,17.0,3.8,0.0,
2019-07-30,Madras - Lamb,1,7.95,6.0,1.5,124.0,24.9,18.4,17.0,3.8,0.0,
2019-07-30,Mango Chutney,2,0.5,6.0,1.5,124.0,24.9,18.4,17.0,3.8,0.0,
2019-07-30,Mint Sauce,1,0.5,6.0,1.5,124.0,24.9,18.4,17.0,3.8,0.0,
2019-07-30,Muttar Paneer,1,5.95,6.0,1.5,124.0,24.9,18.4,17.0,3.8,0.0,
2019-07-30,Onion Bhajee,7,3.95,6.0,1.5,124.0,24.9,18.4,17.0,3.8,0.0,
2019-07-30,Onion Chutney,1,0.5,6.0,1.5,124.0,24.9,18.4,17.0,3.8,0.0,
2019-07-30,Onion Rice,1,3.95,6.0,1.5,124.0,24.9,18.4,17.0,3.8,0.0,
2019-07-30,Paneer Tikka Sizzler,1,9.95,6.0,1.5,124.0,24.9,18.4,17.0,3.8,0.0,
2019-07-30,Pathia - Chicken Tikka,3,8.95,6.0,1.5,124.0,24.9,18.4,17.0,3.8,0.0,
2019-07-30,Perrier Water (750ml),2,3.95,6.0,1.5,124.0,24.9,18.4,17.0,3.8,0.0,
2019-07-30,Peshwari Naan,4,2.95,6.0,1.5,124.0,24.9,18.4,17.0,3.8,0.0,
2019-07-30,Pilau Rice,4,2.95,6.0,1.5,124.0,24.9,18.4,17.0,3.8,0.0,
2019-07-30,Plain Naan,1,2.6,6.0,1.5,124.0,24.9,18.4,17.0,3.8,0.0,
2019-07-30,Plain Papadum,8,0.8,6.0,1.5,124.0,24.9,18.4,17.0,3.8,0.0,
2019-07-30,Plain Rice,1,2.95,6.0,1.5,124.0,24.9,18.4,17.0,3.8,0.0,
2019-07-30,Raitha,2,2.95,6.0,1.5,124.0,24.9,18.4,17.0,3.8,0.0,
2019-07-30,Red Sauce,2,0.5,6.0,1.5,124.0,24.9,18.4,17.0,3.8,0.0,
2019-07-30,Royal Paneer,1,5.95,6.0,1.5,124.0,24.9,18.4,17.0,3.8,0.0,
2019-07-30,Saag Paneer,2,5.95,6.0,1.5,124.0,24.9,18.4,17.0,3.8,0.0,
2019-07-30,Special Fried Rice,3,3.95,6.0,1.5,124.0,24.9,18.4,17.0,3.8,0.0,
2019-07-30,Spicy Papadum,3,0.8,6.0,1.5,124.0,24.9,18.4,17.0,3.8,0.0,
2019-07-30,Tandoori Chicken (1/4),1,4.95,6.0,1.5,124.0,24.9,18.4,17.0,3.8,0.0,
2019-07-30,Tandoori Mixed Grill,2,11.95,6.0,1.5,124.0,24.9,18.4,17.0,3.8,0.0,
2019-07-30,Tandoori Roti,2,2.6,6.0,1.5,124.0,24.9,18.4,17.0,3.8,0.0,
2019-07-30,Tarka Dall,2,5.95,6.0,1.5,124.0,24.9,18.4,17.0,3.8,0.0,
2019-07-30,Vindaloo Sauce,1,3.95,6.0,1.5,124.0,24.9,18.4,17.0,3.8,0.0,
2019-07-31,Aloo Chaat,1,4.95,7.0,4.2,176.0,26.0,20.6,16.3,0.0,0.0,
2019-07-31,Bombay Aloo,3,5.95,7.0,4.2,176.0,26.0,20.6,16.3,0.0,0.0,
2019-07-31,Bottle Diet Coke,1,2.95,7.0,4.2,176.0,26.0,20.6,16.3,0.0,0.0,
2019-07-31,Butter Chicken,1,9.95,7.0,4.2,176.0,26.0,20.6,16.3,0.0,0.0,
2019-07-31,Chapati,1,1.95,7.0,4.2,176.0,26.0,20.6,16.3,0.0,0.0,
2019-07-31,Chicken Biryani,1,9.95,7.0,4.2,176.0,26.0,20.6,16.3,0.0,0.0,
2019-07-31,Chicken Tikka,1,4.95,7.0,4.2,176.0,26.0,20.6,16.3,0.0,0.0,
2019-07-31,Chicken Tikka (Main),1,8.95,7.0,4.2,176.0,26.0,20.6,16.3,0.0,0.0,
2019-07-31,Chicken Tikka Jalfrezi,1,8.95,7.0,4.2,176.0,26.0,20.6,16.3,0.0,0.0,
2019-07-31,Chicken Tikka Karahi,1,9.95,7.0,4.2,176.0,26.0,20.6,16.3,0.0,0.0,
2019-07-31,Chicken Tikka Masala,3,8.95,7.0,4.2,176.0,26.0,20.6,16.3,0.0,0.0,
2019-07-31,Dhansak - Lamb,1,8.95,7.0,4.2,176.0,26.0,20.6,16.3,0.0,0.0,
2019-07-31,Dupiaza - Chicken Tikka,1,8.95,7.0,4.2,176.0,26.0,20.6,16.3,0.0,0.0,
2019-07-31,French Fries,2,3.95,7.0,4.2,176.0,26.0,20.6,16.3,0.0,0.0,
2019-07-31,Garlic Naan,3,2.95,7.0,4.2,176.0,26.0,20.6,16.3,0.0,0.0,
2019-07-31,Green Salad,1,2.95,7.0,4.2,176.0,26.0,20.6,16.3,0.0,0.0,
2019-07-31,Keema Naan,1,2.95,7.0,4.2,176.0,26.0,20.6,16.3,0.0,0.0,
2019-07-31,Keema Rice,1,3.95,7.0,4.2,176.0,26.0,20.6,16.3,0.0,0.0,
2019-07-31,Korma - Chicken,2,8.95,7.0,4.2,176.0,26.0,20.6,16.3,0.0,0.0,
2019-07-31,Lamb Biryani,2,9.95,7.0,4.2,176.0,26.0,20.6,16.3,0.0,0.0,
2019-07-31,Lamb Sylhet,1,9.95,7.0,4.2,176.0,26.0,20.6,16.3,0.0,0.0,
2019-07-31,Lamb Tikka Chilli Masala,1,8.95,7.0,4.2,176.0,26.0,20.6,16.3,0.0,0.0,
2019-07-31,Lamb Tikka Masala,1,8.95,7.0,4.2,176.0,26.0,20.6,16.3,0.0,0.0,
2019-07-31,Lemon Rice,1,3.95,7.0,4.2,176.0,26.0,20.6,16.3,0.0,0.0,
2019-07-31,Madras - Chicken Tikka,3,7.95,7.0,4.2,176.0,26.0,20.6,16.3,0.0,0.0,
2019-07-31,Madras - King Prawn,1,11.95,7.0,4.2,176.0,26.0,20.6,16.3,0.0,0.0,
2019-07-31,Madras - Lamb,1,7.95,7.0,4.2,176.0,26.0,20.6,16.3,0.0,0.0,
2019-07-31,Mint Sauce,1,0.5,7.0,4.2,176.0,26.0,20.6,16.3,0.0,0.0,
2019-07-31,Mushroom Bhajee,1,5.95,7.0,4.2,176.0,26.0,20.6,16.3,0.0,0.0,
2019-07-31,Mushroom Rice,1,3.95,7.0,4.2,176.0,26.0,20.6,16.3,0.0,0.0,
2019-07-31,Onion Bhajee,5,3.95,7.0,4.2,176.0,26.0,20.6,16.3,0.0,0.0,
2019-07-31,Peshwari Naan,2,2.95,7.0,4.2,176.0,26.0,20.6,16.3,0.0,0.0,
2019-07-31,Pilau Rice,9,2.95,7.0,4.2,176.0,26.0,20.6,16.3,0.0,0.0,
2019-07-31,Plain Naan,7,2.6,7.0,4.2,176.0,26.0,20.6,16.3,0.0,0.0,
2019-07-31,Plain Papadum,8,0.8,7.0,4.2,176.0,26.0,20.6,16.3,0.0,0.0,
2019-07-31,Plain Rice,3,2.95,7.0,4.2,176.0,26.0,20.6,16.3,0.0,0.0,
2019-07-31,Red Sauce,1,0.5,7.0,4.2,176.0,26.0,20.6,16.3,0.0,0.0,
2019-07-31,Rogon - Chicken,1,8.95,7.0,4.2,176.0,26.0,20.6,16.3,0.0,0.0,
2019-07-31,Royal Paneer,1,5.95,7.0,4.2,176.0,26.0,20.6,16.3,0.0,0.0,
2019-07-31,Saag - Chicken,1,8.95,7.0,4.2,176.0,26.0,20.6,16.3,0.0,0.0,
2019-07-31,Saag Aloo,1,5.95,7.0,4.2,176.0,26.0,20.6,16.3,0.0,0.0,
2019-07-31,Saag Paneer,1,5.95,7.0,4.2,176.0,26.0,20.6,16.3,0.0,0.0,
2019-07-31,Saag Rice,1,3.95,7.0,4.2,176.0,26.0,20.6,16.3,0.0,0.0,
2019-07-31,Sheek Kebab,2,4.95,7.0,4.2,176.0,26.0,20.6,16.3,0.0,0.0,
2019-07-31,Spicy Papadum,2,0.8,7.0,4.2,176.0,26.0,20.6,16.3,0.0,0.0,
2019-07-31,Vegetable Biryani,1,9.95,7.0,4.2,176.0,26.0,20.6,16.3,0.0,0.0,
2019-08-01,Aloo Gobi,2,5.95,6.0,5.7,199.0,25.8,20.3,14.6,0.0,0.0,
2019-08-01,Bombay Aloo,2,5.95,6.0,5.7,199.0,25.8,20.3,14.6,0.0,0.0,
2019-08-01,Bottle Diet Coke,1,2.95,6.0,5.7,199.0,25.8,20.3,14.6,0.0,0.0,
2019-08-01,Butter Chicken,1,9.95,6.0,5.7,199.0,25.8,20.3,14.6,0.0,0.0,
2019-08-01,COBRA ( LARGE ),3,5.95,6.0,5.7,199.0,25.8,20.3,14.6,0.0,0.0,
2019-08-01,Cauliflower Bhajee,1,5.95,6.0,5.7,199.0,25.8,20.3,14.6,0.0,0.0,
2019-08-01,Chicken Tikka Biryani,1,10.95,6.0,5.7,199.0,25.8,20.3,14.6,0.0,0.0,
2019-08-01,Chicken Tikka Jalfrezi,1,8.95,6.0,5.7,199.0,25.8,20.3,14.6,0.0,0.0,
2019-08-01,Curry - Chicken,1,7.95,6.0,5.7,199.0,25.8,20.3,14.6,0.0,0.0,
2019-08-01,Curry Sauce,1,3.95,6.0,5.7,199.0,25.8,20.3,14.6,0.0,0.0,
2019-08-01,Dhansak - Chicken,1,8.95,6.0,5.7,199.0,25.8,20.3,14.6,0.0,0.0,
2019-08-01,French Fries,1,3.95,6.0,5.7,199.0,25.8,20.3,14.6,0.0,0.0,
2019-08-01,Garlic Naan,1,2.95,6.0,5.7,199.0,25.8,20.3,14.6,0.0,0.0,
2019-08-01,House white wine 75cl,1,17.95,6.0,5.7,199.0,25.8,20.3,14.6,0.0,0.0,
2019-08-01,King Prawn Shaslick,1,12.95,6.0,5.7,199.0,25.8,20.3,14.6,0.0,0.0,
2019-08-01,Korma - Chicken,2,8.95,6.0,5.7,199.0,25.8,20.3,14.6,0.0,0.0,
2019-08-01,Lamb Tikka,1,4.95,6.0,5.7,199.0,25.8,20.3,14.6,0.0,0.0,
2019-08-01,Lime Pickle,1,0.5,6.0,5.7,199.0,25.8,20.3,14.6,0.0,0.0,
2019-08-01,Madras - Chicken,1,7.95,6.0,5.7,199.0,25.8,20.3,14.6,0.0,0.0,
2019-08-01,Madras - Lamb,1,7.95,6.0,5.7,199.0,25.8,20.3,14.6,0.0,0.0,
2019-08-01,Mango Chutney,2,0.5,6.0,5.7,199.0,25.8,20.3,14.6,0.0,0.0,
2019-08-01,Meat Samosa,1,3.95,6.0,5.7,199.0,25.8,20.3,14.6,0.0,0.0,
2019-08-01,Mixed Starter,1,5.95,6.0,5.7,199.0,25.8,20.3,14.6,0.0,0.0,
2019-08-01,Mixed Vegetable Curry,1,5.95,6.0,5.7,199.0,25.8,20.3,14.6,0.0,0.0,
2019-08-01,Mushroom Rice,2,3.95,6.0,5.7,199.0,25.8,20.3,14.6,0.0,0.0,
2019-08-01,Onion Chutney,1,0.5,6.0,5.7,199.0,25.8,20.3,14.6,0.0,0.0,
2019-08-01,Pathia - Chicken Tikka,2,8.95,6.0,5.7,199.0,25.8,20.3,14.6,0.0,0.0,
2019-08-01,Pilau Rice,3,2.95,6.0,5.7,199.0,25.8,20.3,14.6,0.0,0.0,
2019-08-01,Plain Naan,6,2.6,6.0,5.7,199.0,25.8,20.3,14.6,0.0,0.0,
2019-08-01,Plain Papadum,7,0.8,6.0,5.7,199.0,25.8,20.3,14.6,0.0,0.0,
2019-08-01,Plain Rice,3,2.95,6.0,5.7,199.0,25.8,20.3,14.6,0.0,0.0,
2019-08-01,Prawn Balti,1,10.95,6.0,5.7,199.0,25.8,20.3,14.6,0.0,0.0,
2019-08-01,Raitha,1,2.95,6.0,5.7,199.0,25.8,20.3,14.6,0.0,0.0,
2019-08-01,Red Sauce,1,0.5,6.0,5.7,199.0,25.8,20.3,14.6,0.0,0.0,
2019-08-01,Saag Dall,1,5.95,6.0,5.7,199.0,25.8,20.3,14.6,0.0,0.0,
2019-08-01,Special Fried Rice,1,3.95,6.0,5.7,199.0,25.8,20.3,14.6,0.0,0.0,
2019-08-01,Stuffed Paratha,1,3.95,6.0,5.7,199.0,25.8,20.3,14.6,0.0,0.0,
2019-08-01,Tandoori Chicken Masala,1,8.95,6.0,5.7,199.0,25.8,20.3,14.6,0.0,0.0,
2019-08-01,Tarka Dall,2,5.95,6.0,5.7,199.0,25.8,20.3,14.6,0.0,0.0,
2019-08-01,Vindaloo - Chicken,2,7.95,6.0,5.7,199.0,25.8,20.3,14.6,0.0,0.0,
2019-08-02,Aloo Chaat,2,4.95,4.0,6.6,212.0,24.7,20.6,15.5,0.0,0.0,
2019-08-02,Aloo Gobi,2,5.95,4.0,6.6,212.0,24.7,20.6,15.5,0.0,0.0,
2019-08-02,Bhuna - Chicken,1,8.95,4.0,6.6,212.0,24.7,20.6,15.5,0.0,0.0,
2019-08-02,Bombay Aloo,5,5.95,4.0,6.6,212.0,24.7,20.6,15.5,0.0,0.0,
2019-08-02,Cauliflower Bhajee,1,5.95,4.0,6.6,212.0,24.7,20.6,15.5,0.0,0.0,
2019-08-02,Chana Masala,1,5.95,4.0,6.6,212.0,24.7,20.6,15.5,0.0,0.0,
2019-08-02,Chapati,1,1.95,4.0,6.6,212.0,24.7,20.6,15.5,0.0,0.0,
2019-08-02,Chicken Balti,2,9.95,4.0,6.6,212.0,24.7,20.6,15.5,0.0,0.0,
2019-08-02,Chicken Biryani,2,9.95,4.0,6.6,212.0,24.7,20.6,15.5,0.0,0.0,
2019-08-02,Chicken Pakora,1,5.95,4.0,6.6,212.0,24.7,20.6,15.5,0.0,0.0,
2019-08-02,Chicken Shashlick,1,9.95,4.0,6.6,212.0,24.7,20.6,15.5,0.0,0.0,
2019-08-02,Chicken Tikka (Main),2,8.95,4.0,6.6,212.0,24.7,20.6,15.5,0.0,0.0,
2019-08-02,Chicken Tikka Biryani,1,10.95,4.0,6.6,212.0,24.7,20.6,15.5,0.0,0.0,
2019-08-02,Chicken Tikka Chilli Masala,1,8.95,4.0,6.6,212.0,24.7,20.6,15.5,0.0,0.0,
2019-08-02,Chicken Tikka Jalfrezi,2,8.95,4.0,6.6,212.0,24.7,20.6,15.5,0.0,0.0,
2019-08-02,Chicken Tikka Karahi,1,9.95,4.0,6.6,212.0,24.7,20.6,15.5,0.0,0.0,
2019-08-02,Chicken Tikka Masala,4,8.95,4.0,6.6,212.0,24.7,20.6,15.5,0.0,0.0,
2019-08-02,Curry - Chicken,1,7.95,4.0,6.6,212.0,24.7,20.6,15.5,0.0,0.0,
2019-08-02,Dhansak - Chicken,1,8.95,4.0,6.6,212.0,24.7,20.6,15.5,0.0,0.0,
2019-08-02,Dupiaza - Chicken,1,8.95,4.0,6.6,212.0,24.7,20.6,15.5,0.0,0.0,
2019-08-02,French Fries,1,3.95,4.0,6.6,212.0,24.7,20.6,15.5,0.0,0.0,
2019-08-02,Garlic Naan,3,2.95,4.0,6.6,212.0,24.7,20.6,15.5,0.0,0.0,
2019-08-02,Keema Naan,2,2.95,4.0,6.6,212.0,24.7,20.6,15.5,0.0,0.0,
2019-08-02,Keema Rice,2,3.95,4.0,6.6,212.0,24.7,20.6,15.5,0.0,0.0,
2019-08-02,Korma - Chicken,2,8.95,4.0,6.6,212.0,24.7,20.6,15.5,0.0,0.0,
2019-08-02,Korma - King Prawn,1,12.95,4.0,6.6,212.0,24.7,20.6,15.5,0.0,0.0,
2019-08-02,Korma - Prawn,1,9.95,4.0,6.6,212.0,24.7,20.6,15.5,0.0,0.0,
2019-08-02,Lal Mirch Chicken,1,9.95,4.0,6.6,212.0,24.7,20.6,15.5,0.0,0.0,
2019-08-02,Lamb Biryani,3,9.95,4.0,6.6,212.0,24.7,20.6,15.5,0.0,0.0,
2019-08-02,Lamb Mysore,1,9.95,4.0,6.6,212.0,24.7,20.6,15.5,0.0,0.0,
2019-08-02,Lamb Tikka,1,4.95,4.0,6.6,212.0,24.7,20.6,15.5,0.0,0.0,
2019-08-02,Lemon Rice,1,3.95,4.0,6.6,212.0,24.7,20.6,15.5,0.0,0.0,
2019-08-02,Madras - Chicken,2,7.95,4.0,6.6,212.0,24.7,20.6,15.5,0.0,0.0,
2019-08-02,Madras - Chicken Tikka,1,7.95,4.0,6.6,212.0,24.7,20.6,15.5,0.0,0.0,
2019-08-02,Mango Chutney,3,0.5,4.0,6.6,212.0,24.7,20.6,15.5,0.0,0.0,
2019-08-02,Meat Samosa,1,3.95,4.0,6.6,212.0,24.7,20.6,15.5,0.0,0.0,
2019-08-02,Mint Sauce,2,0.5,4.0,6.6,212.0,24.7,20.6,15.5,0.0,0.0,
2019-08-02,Mushroom Rice,4,3.95,4.0,6.6,212.0,24.7,20.6,15.5,0.0,0.0,
2019-08-02,Muttar Paneer,2,5.95,4.0,6.6,212.0,24.7,20.6,15.5,0.0,0.0,
2019-08-02,Onion Bhajee,4,3.95,4.0,6.6,212.0,24.7,20.6,15.5,0.0,0.0,
2019-08-02,Onion Chutney,6,0.5,4.0,6.6,212.0,24.7,20.6,15.5,0.0,0.0,
2019-08-02,Peshwari Naan,2,2.95,4.0,6.6,212.0,24.7,20.6,15.5,0.0,0.0,
2019-08-02,Pilau Rice,9,2.95,4.0,6.6,212.0,24.7,20.6,15.5,0.0,0.0,
2019-08-02,Plain Naan,8,2.6,4.0,6.6,212.0,24.7,20.6,15.5,0.0,0.0,
2019-08-02,Plain Papadum,19,0.8,4.0,6.6,212.0,24.7,20.6,15.5,0.0,0.0,
2019-08-02,Plain Rice,3,2.95,4.0,6.6,212.0,24.7,20.6,15.5,0.0,0.0,
2019-08-02,Red Sauce,4,0.5,4.0,6.6,212.0,24.7,20.6,15.5,0.0,0.0,
2019-08-02,Rogon - Lamb,1,8.95,4.0,6.6,212.0,24.7,20.6,15.5,0.0,0.0,
2019-08-02,Saag Paneer,1,5.95,4.0,6.6,212.0,24.7,20.6,15.5,0.0,0.0,
2019-08-02,Spicy Papadum,3,0.8,4.0,6.6,212.0,24.7,20.6,15.5,0.0,0.0,
2019-08-02,Tandoori Mixed Grill,1,11.95,4.0,6.6,212.0,24.7,20.6,15.5,0.0,0.0,
2019-08-02,Vegetable Balti,1,9.95,4.0,6.6,212.0,24.7,20.6,15.5,0.0,0.0,
2019-08-02,Vindaloo - Chicken,2,7.95,4.0,6.6,212.0,24.7,20.6,15.5,0.0,0.0,
2019-08-02,Vindaloo Sauce,1,3.95,4.0,6.6,212.0,24.7,20.6,15.5,0.0,0.0,
2019-08-03,Aloo Chaat,1,4.95,4.0,3.0,153.0,27.4,19.8,14.8,0.0,0.0,
2019-08-03,Aloo Gobi,2,5.95,4.0,3.0,153.0,27.4,19.8,14.8,0.0,0.0,
2019-08-03,Bhindi Bhajee,1,5.95,4.0,3.0,153.0,27.4,19.8,14.8,0.0,0.0,
2019-08-03,Bhuna - Chicken Tikka,1,8.95,4.0,3.0,153.0,27.4,19.8,14.8,0.0,0.0,
2019-08-03,Bhuna - Lamb,2,8.95,4.0,3.0,153.0,27.4,19.8,14.8,0.0,0.0,
2019-08-03,Bombay Aloo,3,5.95,4.0,3.0,153.0,27.4,19.8,14.8,0.0,0.0,
2019-08-03,Bottle Coke,1,2.95,4.0,3.0,153.0,27.4,19.8,14.8,0.0,0.0,
2019-08-03,Chapati,1,1.95,4.0,3.0,153.0,27.4,19.8,14.8,0.0,0.0,
2019-08-03,Chicken Balti,1,9.95,4.0,3.0,153.0,27.4,19.8,14.8,0.0,0.0,
2019-08-03,Chicken Biryani,3,9.95,4.0,3.0,153.0,27.4,19.8,14.8,0.0,0.0,
2019-08-03,Chicken Chilli Garlic,2,9.95,4.0,3.0,153.0,27.4,19.8,14.8,0.0,0.0,
2019-08-03,Chicken Pakora,2,5.95,4.0,3.0,153.0,27.4,19.8,14.8,0.0,0.0,
2019-08-03,Chicken Tikka (Main),2,8.95,4.0,3.0,153.0,27.4,19.8,14.8,0.0,0.0,
2019-08-03,Chicken Tikka Biryani,2,10.95,4.0,3.0,153.0,27.4,19.8,14.8,0.0,0.0,
2019-08-03,Chicken Tikka Jalfrezi,1,8.95,4.0,3.0,153.0,27.4,19.8,14.8,0.0,0.0,
2019-08-03,Chicken Tikka Masala,6,8.95,4.0,3.0,153.0,27.4,19.8,14.8,0.0,0.0,
2019-08-03,Curry - Chicken,1,7.95,4.0,3.0,153.0,27.4,19.8,14.8,0.0,0.0,
2019-08-03,Curry - Lamb,1,7.95,4.0,3.0,153.0,27.4,19.8,14.8,0.0,0.0,
2019-08-03,Dupiaza - Lamb,1,8.95,4.0,3.0,153.0,27.4,19.8,14.8,0.0,0.0,
2019-08-03,French Fries,1,3.95,4.0,3.0,153.0,27.4,19.8,14.8,0.0,0.0,
2019-08-03,Garlic Naan,4,2.95,4.0,3.0,153.0,27.4,19.8,14.8,0.0,0.0,
2019-08-03,Keema Naan,4,2.95,4.0,3.0,153.0,27.4,19.8,14.8,0.0,0.0,
2019-08-03,Keema Rice,2,3.95,4.0,3.0,153.0,27.4,19.8,14.8,0.0,0.0,
2019-08-03,King Prawn Balti,1,12.95,4.0,3.0,153.0,27.4,19.8,14.8,0.0,0.0,
2019-08-03,Korma - Chicken,2,8.95,4.0,3.0,153.0,27.4,19.8,14.8,0.0,0.0,
2019-08-03,Korma - Prawn,1,9.95,4.0,3.0,153.0,27.4,19.8,14.8,0.0,0.0,
2019-08-03,Korma Sauce,1,3.95,4.0,3.0,153.0,27.4,19.8,14.8,0.0,0.0,
2019-08-03,Lamb Biryani,2,9.95,4.0,3.0,153.0,27.4,19.8,14.8,0.0,0.0,
2019-08-03,Lamb Hari Mirch,1,9.95,4.0,3.0,153.0,27.4,19.8,14.8,0.0,0.0,
2019-08-03,Lamb Tikka,1,4.95,4.0,3.0,153.0,27.4,19.8,14.8,0.0,0.0,
2019-08-03,Lamb Tikka Chilli Masala,1,8.95,4.0,3.0,153.0,27.4,19.8,14.8,0.0,0.0,
2019-08-03,Lemon Rice,1,3.95,4.0,3.0,153.0,27.4,19.8,14.8,0.0,0.0,
2019-08-03,Madras - Chicken Tikka,1,7.95,4.0,3.0,153.0,27.4,19.8,14.8,0.0,0.0,
2019-08-03,Madras - Lamb,1,7.95,4.0,3.0,153.0,27.4,19.8,14.8,0.0,0.0,
2019-08-03,Mango Chutney,6,0.5,4.0,3.0,153.0,27.4,19.8,14.8,0.0,0.0,
2019-08-03,Masala Sauce,1,3.95,4.0,3.0,153.0,27.4,19.8,14.8,0.0,0.0,
2019-08-03,Meat Samosa,2,3.95,4.0,3.0,153.0,27.4,19.8,14.8,0.0,0.0,
2019-08-03,Methi - Lamb,1,8.95,4.0,3.0,153.0,27.4,19.8,14.8,0.0,0.0,
2019-08-03,Mint Sauce,7,0.5,4.0,3.0,153.0,27.4,19.8,14.8,0.0,0.0,
2019-08-03,Mixed Starter,1,5.95,4.0,3.0,153.0,27.4,19.8,14.8,0.0,0.0,
2019-08-03,Mixed Vegetable Curry,1,5.95,4.0,3.0,153.0,27.4,19.8,14.8,0.0,0.0,
2019-08-03,Mushroom Bhajee,1,5.95,4.0,3.0,153.0,27.4,19.8,14.8,0.0,0.0,
2019-08-03,Mushroom Rice,7,3.95,4.0,3.0,153.0,27.4,19.8,14.8,0.0,0.0,
2019-08-03,Onion Bhajee,4,3.95,4.0,3.0,153.0,27.4,19.8,14.8,0.0,0.0,
2019-08-03,Onion Chutney,1,0.5,4.0,3.0,153.0,27.4,19.8,14.8,0.0,0.0,
2019-08-03,Paneer Tikka Masala,1,8.95,4.0,3.0,153.0,27.4,19.8,14.8,0.0,0.0,
2019-08-03,Pathia - Prawn,1,9.95,4.0,3.0,153.0,27.4,19.8,14.8,0.0,0.0,
2019-08-03,Peshwari Naan,8,2.95,4.0,3.0,153.0,27.4,19.8,14.8,0.0,0.0,
2019-08-03,Pilau Rice,7,2.95,4.0,3.0,153.0,27.4,19.8,14.8,0.0,0.0,
2019-08-03,Plain Naan,6,2.6,4.0,3.0,153.0,27.4,19.8,14.8,0.0,0.0,
2019-08-03,Plain Papadum,26,0.8,4.0,3.0,153.0,27.4,19.8,14.8,0.0,0.0,
2019-08-03,Plain Rice,1,2.95,4.0,3.0,153.0,27.4,19.8,14.8,0.0,0.0,
2019-08-03,Red Sauce,4,0.5,4.0,3.0,153.0,27.4,19.8,14.8,0.0,0.0,
2019-08-03,Saag - Prawn,1,9.95,4.0,3.0,153.0,27.4,19.8,14.8,0.0,0.0,
2019-08-03,Saag Aloo,1,5.95,4.0,3.0,153.0,27.4,19.8,14.8,0.0,0.0,
2019-08-03,Saag Paneer,2,5.95,4.0,3.0,153.0,27.4,19.8,14.8,0.0,0.0,
2019-08-03,Sheek Kebab,1,4.95,4.0,3.0,153.0,27.4,19.8,14.8,0.0,0.0,
2019-08-03,Special Fried Rice,4,3.95,4.0,3.0,153.0,27.4,19.8,14.8,0.0,0.0,
2019-08-03,Spicy Papadum,1,0.8,4.0,3.0,153.0,27.4,19.8,14.8,0.0,0.0,
2019-08-03,Tandoori Chicken (1/4),1,4.95,4.0,3.0,153.0,27.4,19.8,14.8,0.0,0.0,
2019-08-03,Tandoori Chicken Masala,2,8.95,4.0,3.0,153.0,27.4,19.8,14.8,0.0,0.0,
2019-08-03,Tandoori Mixed Grill,2,11.95,4.0,3.0,153.0,27.4,19.8,14.8,0.0,0.0,
2019-08-03,Vegetable Rice,2,3.95,4.0,3.0,153.0,27.4,19.8,14.8,0.0,0.0,
2019-08-03,Vindaloo - Lamb,1,7.95,4.0,3.0,153.0,27.4,19.8,14.8,0.0,0.0,
