,date,Item Name,Quantity,Product Price,cloud_cover,sunshine,global_radiation,max_temp,mean_temp,min_temp,precipitation,snow_depth,isPaidTimeOff,predicted
0,2015-09-01,Onion Bhaji,1,3.95,7.0,3.1,124.0,19.0,16.3,13.4,0.2,0.0,,1.766
1,2015-09-08,Onion Bhaji,3,3.95,7.0,1.4,89.0,19.7,13.3,10.1,0.0,0.0,,2.775
2,2015-09-09,Onion Bhaji,6,3.95,6.0,2.1,100.0,21.2,16.2,12.7,0.4,0.0,,2.07
3,2015-09-29,Chicken Tikka,4,3.95,1.0,8.9,150.0,18.7,14.8,10.4,0.0,0.0,,1.465
4,2015-09-29,Tandoori Chicken (1/4),1,4.95,1.0,8.9,150.0,18.7,14.8,10.4,0.0,0.0,,1.235
5,2015-09-29,Tandoori Fish,1,5.95,1.0,8.9,150.0,18.7,14.8,10.4,0.0,0.0,,1.51
6,2015-09-29,Vegetable Samosa,3,4.95,1.0,8.9,150.0,18.7,14.8,10.4,0.0,0.0,,3.11
7,2015-09-30,Onion Bhaji,3,3.95,0.0,10.7,163.0,18.8,14.2,9.7,0.0,0.0,,3.154
8,2015-09-30,Prawn Puree,1,4.95,0.0,10.7,163.0,18.8,14.2,9.7,0.0,0.0,,1.968
9,2015-09-30,Royal Paneer,2,5.95,0.0,10.7,163.0,18.8,14.2,9.7,0.0,0.0,,2.488
10,2015-09-30,Tandoori Chicken (1/4),2,4.95,0.0,10.7,163.0,18.8,14.2,9.7,0.0,0.0,,2.859
11,2015-09-30,Tandoori Fish,6,5.95,0.0,10.7,163.0,18.8,14.2,9.7,0.0,0.0,,4.426
12,2015-09-30,Vegetable Samosa,6,4.95,0.0,10.7,163.0,18.8,14.2,9.7,0.0,0.0,,4.925
13,2015-10-01,Chicken Sylhet,1,9.95,1.0,10.6,160.0,19.0,14.1,9.3,0.0,0.0,,1.269
14,2015-10-01,Lime Pickle,1,0.5,1.0,10.6,160.0,19.0,14.1,9.3,0.0,0.0,,1.079
15,2015-10-01,Mint Sauce,1,0.5,1.0,10.6,160.0,19.0,14.1,9.3,0.0,0.0,,1.074
16,2015-10-01,Onion Bhaji,2,3.95,1.0,10.6,160.0,19.0,14.1,9.3,0.0,0.0,,2.42
17,2015-10-01,Onion Chutney,1,0.5,1.0,10.6,160.0,19.0,14.1,9.3,0.0,0.0,,1.132
18,2015-10-01,Paratha,1,2.95,1.0,10.6,160.0,19.0,14.1,9.3,0.0,0.0,,1.112
19,2015-10-01,Sheek Kehab,2,5.95,1.0,10.6,160.0,19.0,14.1,9.3,0.0,0.0,,2.008
20,2015-10-01,Tandoori Chicken (1/4),3,4.95,1.0,10.6,160.0,19.0,14.1,9.3,0.0,0.0,,2.494
21,2015-10-01,Tandoori Fish,3,5.95,1.0,10.6,160.0,19.0,14.1,9.3,0.0,0.0,,2.689
22,2015-10-01,Vegetable Balti,1,9.95,1.0,10.6,160.0,19.0,14.1,9.3,0.0,0.0,,1.289
23,2015-10-01,Vegetable Karahi,1,8.95,1.0,10.6,160.0,19.0,14.1,9.3,0.0,0.0,,1.443
24,2015-10-01,Vegetable Samosa,4,4.95,1.0,10.6,160.0,19.0,14.1,9.3,0.0,0.0,,3.77
25,2015-10-02,COBRA (330ML),1,3.95,0.0,10.5,158.0,16.7,13.8,8.6,0.0,0.0,,1.503
26,2015-10-02,COBRA (660ML),1,5.95,0.0,10.5,158.0,16.7,13.8,8.6,0.0,0.0,,1.167
27,2015-10-02,Cauliflower Bhajee,1,5.95,0.0,10.5,158.0,16.7,13.8,8.6,0.0,0.0,,1.069
28,2015-10-02,Chicken Pakora,1,5.95,0.0,10.5,158.0,16.7,13.8,8.6,0.0,0.0,,1.089
29,2015-10-02,Coke 1.5 ltr,1,2.95,0.0,10.5,158.0,16.7,13.8,8.6,0.0,0.0,,1.257
30,2015-10-02,House Red wine 75cl,1,17.95,0.0,10.5,158.0,16.7,13.8,8.6,0.0,0.0,,1.005
31,2015-10-02,Kurma,1,12.95,0.0,10.5,158.0,16.7,13.8,8.6,0.0,0.0,,1.005
32,2015-10-02,Lamb Persian,1,10.95,0.0,10.5,158.0,16.7,13.8,8.6,0.0,0.0,,1.004
33,2015-10-02,Lemon Rice,1,3.95,0.0,10.5,158.0,16.7,13.8,8.6,0.0,0.0,,1.208
34,2015-10-02,Onion Bhaji,5,3.95,0.0,10.5,158.0,16.7,13.8,8.6,0.0,0.0,,3.584
35,2015-10-02,Paratha,1,2.95,0.0,10.5,158.0,16.7,13.8,8.6,0.0,0.0,,1.087
36,2015-10-02,Spicy Papadum,1,0.8,0.0,10.5,158.0,16.7,13.8,8.6,0.0,0.0,,1.177
37,2015-10-02,Tandoori Chicken,1,8.95,0.0,10.5,158.0,16.7,13.8,8.6,0.0,0.0,,1.004
38,2015-10-02,Tandoori Chicken (1/4),1,4.95,0.0,10.5,158.0,16.7,13.8,8.6,0.0,0.0,,1.083
39,2015-10-02,Vegetable Samosa,2,4.95,0.0,10.5,158.0,16.7,13.8,8.6,0.0,0.0,,3.336
40,2016-03-07,Aloo Chaat,2,4.95,5.0,6.7,129.0,9.4,4.0,0.1,0.0,0.0,,1.683
41,2016-03-07,Bengal Salad,2,3.95,5.0,6.7,129.0,9.4,4.0,0.1,0.0,0.0,,1.737
42,2016-03-07,Chicken Haryali,1,9.95,5.0,6.7,129.0,9.4,4.0,0.1,0.0,0.0,,1.022
43,2016-03-07,Chicken Tikka,1,4.95,5.0,6.7,129.0,9.4,4.0,0.1,0.0,0.0,,1.147
44,2016-03-07,Chicken Tikka (Main),1,8.95,5.0,6.7,129.0,9.4,4.0,0.1,0.0,0.0,,1.631
45,2016-03-07,French Fries,1,3.95,5.0,6.7,129.0,9.4,4.0,0.1,0.0,0.0,,1.168
46,2016-03-07,Green Salad,1,2.95,5.0,6.7,129.0,9.4,4.0,0.1,0.0,0.0,,1.15
47,2016-03-07,Lamb Tikka (Main),1,8.95,5.0,6.7,129.0,9.4,4.0,0.1,0.0,0.0,,1.026
48,2016-03-07,Meat Samosa,2,3.95,5.0,6.7,129.0,9.4,4.0,0.1,0.0,0.0,,2.089
49,2016-03-07,Onion Bhajee,4,3.95,5.0,6.7,129.0,9.4,4.0,0.1,0.0,0.0,,2.182
50,2016-03-07,Sheek Kebab (Main),1,8.95,5.0,6.7,129.0,9.4,4.0,0.1,0.0,0.0,,1.026
51,2016-03-07,Vegetable Roll,2,4.95,5.0,6.7,129.0,9.4,4.0,0.1,0.0,0.0,,1.71
52,2016-03-08,Bengal Salad,2,3.95,6.0,0.1,44.0,11.0,3.9,-1.6,12.6,0.0,,1.734
53,2016-03-08,Chicken Haryali,1,9.95,6.0,0.1,44.0,11.0,3.9,-1.6,12.6,0.0,,1.046
54,2016-03-08,Chicken Tikka (Main),1,8.95,6.0,0.1,44.0,11.0,3.9,-1.6,12.6,0.0,,1.535
55,2016-03-08,French Fries,1,3.95,6.0,0.1,44.0,11.0,3.9,-1.6,12.6,0.0,,1.292
56,2016-03-08,Green Salad,1,2.95,6.0,0.1,44.0,11.0,3.9,-1.6,12.6,0.0,,1.285
57,2016-03-08,Onion Bhajee,3,3.95,6.0,0.1,44.0,11.0,3.9,-1.6,12.6,0.0,,2.661
58,2016-03-08,Sheek Kebab (Main),1,8.95,6.0,0.1,44.0,11.0,3.9,-1.6,12.6,0.0,,1.059
59,2016-03-09,Aloo Chaat,1,4.95,8.0,0.7,58.0,9.4,6.4,1.7,8.6,0.0,,4.411
60,2016-03-09,Meat Samosa,5,3.95,8.0,0.7,58.0,9.4,6.4,1.7,8.6,0.0,,4.945
61,2016-03-09,Onion Bhajee,7,3.95,8.0,0.7,58.0,9.4,6.4,1.7,8.6,0.0,,5.144
62,2016-03-10,Aloo Chaat,1,4.95,7.0,0.1,45.0,11.4,7.4,5.3,0.2,0.0,,1.035
63,2016-03-10,Bengal Salad,1,3.95,7.0,0.1,45.0,11.4,7.4,5.3,0.2,0.0,,1.144
64,2016-03-10,COBRA (660ML),1,5.95,7.0,0.1,45.0,11.4,7.4,5.3,0.2,0.0,,1.192
65,2016-03-10,Chapati,1,1.95,7.0,0.1,45.0,11.4,7.4,5.3,0.2,0.0,,1.694
66,2016-03-10,French Fries,1,3.95,7.0,0.1,45.0,11.4,7.4,5.3,0.2,0.0,,1.003
67,2016-03-10,Green Salad,1,2.95,7.0,0.1,45.0,11.4,7.4,5.3,0.2,0.0,,1.153
68,2016-03-10,Meat Samosa,1,3.95,7.0,0.1,45.0,11.4,7.4,5.3,0.2,0.0,,1.345
69,2016-03-10,Onion Bhajee,1,3.95,7.0,0.1,45.0,11.4,7.4,5.3,0.2,0.0,,1.452
70,2016-03-10,Onion Chutney,1,0.5,7.0,0.1,45.0,11.4,7.4,5.3,0.2,0.0,,1.896
71,2016-03-10,Onion Naan,1,2.95,7.0,0.1,45.0,11.4,7.4,5.3,0.2,0.0,,1.056
72,2016-03-10,Puree,1,1.95,7.0,0.1,45.0,11.4,7.4,5.3,0.2,0.0,,1.281
73,2016-03-10,Stuffed Paratha,1,3.95,7.0,0.1,45.0,11.4,7.4,5.3,0.2,0.0,,1.005
74,2016-03-10,Vegetable Karahi,1,8.95,7.0,0.1,45.0,11.4,7.4,5.3,0.2,0.0,,1.002
75,2016-03-11,Bengal Salad,1,3.95,1.0,6.9,137.0,11.1,5.6,-0.3,0.0,0.0,,1.186
76,2016-03-11,French Fries,1,3.95,1.0,6.9,137.0,11.1,5.6,-0.3,0.0,0.0,,1.047
77,2016-03-11,Meat Samosa,1,3.95,1.0,6.9,137.0,11.1,5.6,-0.3,0.0,0.0,,1.875
78,2016-03-11,Onion Bhajee,2,3.95,1.0,6.9,137.0,11.1,5.6,-0.3,0.0,0.0,,1.813
79,2016-03-15,Bengal Salad,1,3.95,5.0,1.1,70.0,10.2,5.5,2.0,0.0,0.0,,1.108
80,2016-03-15,Chicken Haryali,1,9.95,5.0,1.1,70.0,10.2,5.5,2.0,0.0,0.0,,1.001
81,2016-03-15,Chicken Tikka (Main),1,8.95,5.0,1.1,70.0,10.2,5.5,2.0,0.0,0.0,,1.237
82,2016-03-15,Chicken Tikka Karahi,1,9.95,5.0,1.1,70.0,10.2,5.5,2.0,0.0,0.0,,1.001
83,2016-03-15,Chicken Tikka Masala,2,8.95,5.0,1.1,70.0,10.2,5.5,2.0,0.0,0.0,,1.994
84,2016-03-15,French Fries,1,3.95,5.0,1.1,70.0,10.2,5.5,2.0,0.0,0.0,,1.003
85,2016-03-15,Green Salad,1,2.95,5.0,1.1,70.0,10.2,5.5,2.0,0.0,0.0,,1.016
86,2016-03-15,Lemon Rice,1,3.95,5.0,1.1,70.0,10.2,5.5,2.0,0.0,0.0,,1.005
87,2016-03-15,Madras,1,7.95,5.0,1.1,70.0,10.2,5.5,2.0,0.0,0.0,,1.575
88,2016-03-15,Meat Samosa,3,3.95,5.0,1.1,70.0,10.2,5.5,2.0,0.0,0.0,,2.088
89,2016-03-15,Onion Bhajee,1,3.95,5.0,1.1,70.0,10.2,5.5,2.0,0.0,0.0,,1.544
90,2016-03-15,Pilau Rice,1,2.95,5.0,1.1,70.0,10.2,5.5,2.0,0.0,0.0,,1.679
91,2016-03-15,Plain Rice,1,2.95,5.0,1.1,70.0,10.2,5.5,2.0,0.0,0.0,,1.235
92,2016-03-15,Puree,1,1.95,5.0,1.1,70.0,10.2,5.5,2.0,0.0,0.0,,1.133
93,2016-03-15,Vegetable Karahi,1,8.95,5.0,1.1,70.0,10.2,5.5,2.0,0.0,0.0,,1.002
94,2016-03-16,Chapati,1,1.95,7.0,4.1,114.0,11.9,8.4,6.5,0.0,0.0,,1.147
95,2016-03-16,Meat Samosa,1,3.95,7.0,4.1,114.0,11.9,8.4,6.5,0.0,0.0,,1.253
96,2016-03-17,Bombay Aloo,1,5.95,0.0,10.2,180.0,7.6,6.8,1.8,0.0,0.0,False,1.638
97,2016-03-17,Chicken Chaat,1,4.95,0.0,10.2,180.0,7.6,6.8,1.8,0.0,0.0,False,1.038
98,2016-03-17,Chicken Tikka,1,4.95,0.0,10.2,180.0,7.6,6.8,1.8,0.0,0.0,False,1.09
99,2016-03-17,Chicken Tikka Masala,1,8.95,0.0,10.2,180.0,7.6,6.8,1.8,0.0,0.0,False,1.271
100,2016-03-17,Curry,1,7.95,0.0,10.2,180.0,7.6,6.8,1.8,0.0,0.0,False,1.025
101,2016-03-17,Dupiaza,1,8.95,0.0,10.2,180.0,7.6,6.8,1.8,0.0,0.0,False,1.065
102,2016-03-17,Egg Rice,1,3.95,0.0,10.2,180.0,7.6,6.8,1.8,0.0,0.0,False,1.001
103,2016-03-17,French Fries,1,3.95,0.0,10.2,180.0,7.6,6.8,1.8,0.0,0.0,False,1.001
104,2016-03-17,Garlic Naan,1,2.95,0.0,10.2,180.0,7.6,6.8,1.8,0.0,0.0,False,1.439
105,2016-03-17,Garlic Rice,1,3.95,0.0,10.2,180.0,7.6,6.8,1.8,0.0,0.0,False,1.001
106,2016-03-17,Hazary Lamb,1,12.95,0.0,10.2,180.0,7.6,6.8,1.8,0.0,0.0,False,1.002
107,2016-03-17,Keema Naan,1,2.95,0.0,10.2,180.0,7.6,6.8,1.8,0.0,0.0,False,2.276
108,2016-03-17,Lamb Shashlick,1,9.95,0.0,10.2,180.0,7.6,6.8,1.8,0.0,0.0,False,1.0
109,2016-03-17,Madras,1,7.95,0.0,10.2,180.0,7.6,6.8,1.8,0.0,0.0,False,1.803
110,2016-03-17,Mint Sauce,1,0.5,0.0,10.2,180.0,7.6,6.8,1.8,0.0,0.0,False,1.359
111,2016-03-17,Onion Chutney,1,0.5,0.0,10.2,180.0,7.6,6.8,1.8,0.0,0.0,False,1.247
112,2016-03-17,Pilau Rice,1,2.95,0.0,10.2,180.0,7.6,6.8,1.8,0.0,0.0,False,1.877
113,2016-03-17,Plain Naan,2,2.6,0.0,10.2,180.0,7.6,6.8,1.8,0.0,0.0,False,1.984
114,2016-03-17,Plain Papadum,6,0.8,0.0,10.2,180.0,7.6,6.8,1.8,0.0,0.0,False,6.401
115,2016-03-17,Plain Rice,1,2.95,0.0,10.2,180.0,7.6,6.8,1.8,0.0,0.0,False,1.163
116,2016-03-17,Saag Rice,1,3.95,0.0,10.2,180.0,7.6,6.8,1.8,0.0,0.0,False,1.001
117,2016-03-17,Sheek Kehab,1,4.95,0.0,10.2,180.0,7.6,6.8,1.8,0.0,0.0,False,1.105
118,2016-03-17,Tandoori Mixed Grill,1,11.95,0.0,10.2,180.0,7.6,6.8,1.8,0.0,0.0,False,1.056
119,2016-03-18,Baingan Hari Mirch,1,5.95,7.0,0.0,46.0,9.0,4.6,1.5,0.0,0.0,,1.003
120,2016-03-18,Bhuna,2,8.95,7.0,0.0,46.0,9.0,4.6,1.5,0.0,0.0,,1.139
121,2016-03-18,Bombay Aloo,3,5.95,7.0,0.0,46.0,9.0,4.6,1.5,0.0,0.0,,2.682
122,2016-03-18,Butter Chicken,4,9.95,7.0,0.0,46.0,9.0,4.6,1.5,0.0,0.0,,2.926
123,2016-03-18,Cauliflower Bhajee,1,5.95,7.0,0.0,46.0,9.0,4.6,1.5,0.0,0.0,,1.005
124,2016-03-18,Chapati,6,1.95,7.0,0.0,46.0,9.0,4.6,1.5,0.0,0.0,,4.483
125,2016-03-18,Chicken Biryani,1,9.95,7.0,0.0,46.0,9.0,4.6,1.5,0.0,0.0,,1.184
126,2016-03-18,Chicken Pakora,1,5.95,7.0,0.0,46.0,9.0,4.6,1.5,0.0,0.0,,1.018
127,2016-03-18,Chicken Shashlick,1,9.95,7.0,0.0,46.0,9.0,4.6,1.5,0.0,0.0,,1.045
128,2016-03-18,Chicken Tikka,1,4.95,7.0,0.0,46.0,9.0,4.6,1.5,0.0,0.0,,1.02
129,2016-03-18,Chicken Tikka (Main),3,8.95,7.0,0.0,46.0,9.0,4.6,1.5,0.0,0.0,,2.33
130,2016-03-18,Chicken Tikka Balti,1,10.95,7.0,0.0,46.0,9.0,4.6,1.5,0.0,0.0,,1.015
131,2016-03-18,Chicken Tikka Biryani,2,10.95,7.0,0.0,46.0,9.0,4.6,1.5,0.0,0.0,,1.744
132,2016-03-18,Chicken Tikka Chilli Masala,2,8.95,7.0,0.0,46.0,9.0,4.6,1.5,0.0,0.0,,1.703
133,2016-03-18,Chicken Tikka Jalfrezi,1,8.95,7.0,0.0,46.0,9.0,4.6,1.5,0.0,0.0,,1.007
134,2016-03-18,Chicken Tikka Masala,3,8.95,7.0,0.0,46.0,9.0,4.6,1.5,0.0,0.0,,2.638
135,2016-03-18,Curry,1,7.95,7.0,0.0,46.0,9.0,4.6,1.5,0.0,0.0,,1.009
136,2016-03-18,Dall Samba,1,5.95,7.0,0.0,46.0,9.0,4.6,1.5,0.0,0.0,,1.003
137,2016-03-18,Dupiaza,2,8.95,7.0,0.0,46.0,9.0,4.6,1.5,0.0,0.0,,1.032
138,2016-03-18,French Fries,1,3.95,7.0,0.0,46.0,9.0,4.6,1.5,0.0,0.0,,1.027
139,2016-03-18,Garlic Naan,4,2.95,7.0,0.0,46.0,9.0,4.6,1.5,0.0,0.0,,3.268
140,2016-03-18,Keema Naan,5,2.95,7.0,0.0,46.0,9.0,4.6,1.5,0.0,0.0,,4.369
141,2016-03-18,Keema Rice,1,3.95,7.0,0.0,46.0,9.0,4.6,1.5,0.0,0.0,,1.099
142,2016-03-18,King Prawn Butterfly,1,5.95,7.0,0.0,46.0,9.0,4.6,1.5,0.0,0.0,,1.0
143,2016-03-18,King Prawn Shaslick,1,12.95,7.0,0.0,46.0,9.0,4.6,1.5,0.0,0.0,,1.015
144,2016-03-18,Korma,4,8.95,7.0,0.0,46.0,9.0,4.6,1.5,0.0,0.0,,3.564
145,2016-03-18,Kulcha Naan,2,2.95,7.0,0.0,46.0,9.0,4.6,1.5,0.0,0.0,,2.11
146,2016-03-18,Lal Mirch Lamb,1,9.95,7.0,0.0,46.0,9.0,4.6,1.5,0.0,0.0,,1.0
147,2016-03-18,Lamb Mysore,1,9.95,7.0,0.0,46.0,9.0,4.6,1.5,0.0,0.0,,1.0
148,2016-03-18,Lamb Tikka (Main),1,8.95,7.0,0.0,46.0,9.0,4.6,1.5,0.0,0.0,,1.007
149,2016-03-18,Lamb Tikka Chilli Masala,1,8.95,7.0,0.0,46.0,9.0,4.6,1.5,0.0,0.0,,1.16
150,2016-03-18,Lamb Tikka Karahi,1,9.95,7.0,0.0,46.0,9.0,4.6,1.5,0.0,0.0,,1.0
151,2016-03-18,Lemonade 1.5 ltr,1,2.95,7.0,0.0,46.0,9.0,4.6,1.5,0.0,0.0,,1.565
152,2016-03-18,Madras,5,7.95,7.0,0.0,46.0,9.0,4.6,1.5,0.0,0.0,,3.611
153,2016-03-18,Madras Sauce,1,3.95,7.0,0.0,46.0,9.0,4.6,1.5,0.0,0.0,,1.032
154,2016-03-18,Meat Samosa,3,3.95,7.0,0.0,46.0,9.0,4.6,1.5,0.0,0.0,,2.44
155,2016-03-18,Mint Sauce,2,0.5,7.0,0.0,46.0,9.0,4.6,1.5,0.0,0.0,,2.088
156,2016-03-18,Mixed Starter,1,5.95,7.0,0.0,46.0,9.0,4.6,1.5,0.0,0.0,,1.11
157,2016-03-18,Mushroom Bhajee,1,5.95,7.0,0.0,46.0,9.0,4.6,1.5,0.0,0.0,,1.001
158,2016-03-18,Mushroom Rice,8,3.95,7.0,0.0,46.0,9.0,4.6,1.5,0.0,0.0,,1.152
159,2016-03-18,Onion Bhajee,3,3.95,7.0,0.0,46.0,9.0,4.6,1.5,0.0,0.0,,2.528
160,2016-03-18,Onion Chutney,2,0.5,7.0,0.0,46.0,9.0,4.6,1.5,0.0,0.0,,2.067
161,2016-03-18,Onion Naan,1,2.95,7.0,0.0,46.0,9.0,4.6,1.5,0.0,0.0,,1.559
162,2016-03-18,Persian Lamb Biryani,1,10.95,7.0,0.0,46.0,9.0,4.6,1.5,0.0,0.0,,1.011
163,2016-03-18,Peshwari Naan,6,2.95,7.0,0.0,46.0,9.0,4.6,1.5,0.0,0.0,,4.39
164,2016-03-18,Pilau Rice,9,2.95,7.0,0.0,46.0,9.0,4.6,1.5,0.0,0.0,,6.799
165,2016-03-18,Plain Naan,5,2.6,7.0,0.0,46.0,9.0,4.6,1.5,0.0,0.0,,2.755
166,2016-03-18,Plain Papadum,7,0.8,7.0,0.0,46.0,9.0,4.6,1.5,0.0,0.0,,6.697
167,2016-03-18,Plain Rice,5,2.95,7.0,0.0,46.0,9.0,4.6,1.5,0.0,0.0,,3.802
168,2016-03-18,Prawn Karahi,1,9.95,7.0,0.0,46.0,9.0,4.6,1.5,0.0,0.0,,1.0
169,2016-03-18,Prawn Puree,1,4.95,7.0,0.0,46.0,9.0,4.6,1.5,0.0,0.0,,1.028
170,2016-03-18,Red Sauce,1,0.5,7.0,0.0,46.0,9.0,4.6,1.5,0.0,0.0,,1.495
171,2016-03-18,Royal Paneer,1,5.95,7.0,0.0,46.0,9.0,4.6,1.5,0.0,0.0,,1.016
172,2016-03-18,Saag Aloo,3,5.95,7.0,0.0,46.0,9.0,4.6,1.5,0.0,0.0,,2.394
173,2016-03-18,Saag Paneer,2,5.95,7.0,0.0,46.0,9.0,4.6,1.5,0.0,0.0,,1.627
174,2016-03-18,Saag Rice,1,3.95,7.0,0.0,46.0,9.0,4.6,1.5,0.0,0.0,,1.049
175,2016-03-18,Sheek Kehab,2,4.95,7.0,0.0,46.0,9.0,4.6,1.5,0.0,0.0,,1.642
176,2016-03-18,Special Fried Rice,1,3.95,7.0,0.0,46.0,9.0,4.6,1.5,0.0,0.0,,1.304
177,2016-03-18,Stuffed Paratha,1,3.95,7.0,0.0,46.0,9.0,4.6,1.5,0.0,0.0,,1.038
178,2016-03-18,Tandoori Chicken (1/4),1,4.95,7.0,0.0,46.0,9.0,4.6,1.5,0.0,0.0,,1.009
179,2016-03-18,Tandoori Chicken (Main),1,8.95,7.0,0.0,46.0,9.0,4.6,1.5,0.0,0.0,,1.056
180,2016-03-18,Vegetable Biryani,1,9.95,7.0,0.0,46.0,9.0,4.6,1.5,0.0,0.0,,1.0
181,2016-03-18,Vindaloo,1,7.95,7.0,0.0,46.0,9.0,4.6,1.5,0.0,0.0,,1.017
182,2016-03-19,Aloo Gobi,1,5.95,8.0,0.0,46.0,10.9,6.7,4.4,0.0,0.0,,1.025
183,2016-03-19,Bombay Aloo,4,5.95,8.0,0.0,46.0,10.9,6.7,4.4,0.0,0.0,,3.248
184,2016-03-19,Butter Chicken,2,9.95,8.0,0.0,46.0,10.9,6.7,4.4,0.0,0.0,,1.89
185,2016-03-19,COBRA (660ML),2,5.95,8.0,0.0,46.0,10.9,6.7,4.4,0.0,0.0,,1.645
186,2016-03-19,Cauliflower Bhajee,1,5.95,8.0,0.0,46.0,10.9,6.7,4.4,0.0,0.0,,1.013
187,2016-03-19,Chana Masala,1,5.95,8.0,0.0,46.0,10.9,6.7,4.4,0.0,0.0,,1.004
188,2016-03-19,Chapati,1,1.95,8.0,0.0,46.0,10.9,6.7,4.4,0.0,0.0,,1.808
189,2016-03-19,Chicken Biryani,2,9.95,8.0,0.0,46.0,10.9,6.7,4.4,0.0,0.0,,1.815
190,2016-03-19,Chicken Shashlick Curry,2,12.95,8.0,0.0,46.0,10.9,6.7,4.4,0.0,0.0,,1.601
191,2016-03-19,Chicken Tikka (Main),1,8.95,8.0,0.0,46.0,10.9,6.7,4.4,0.0,0.0,,1.166
192,2016-03-19,Chicken Tikka Biryani,1,10.95,8.0,0.0,46.0,10.9,6.7,4.4,0.0,0.0,,1.648
193,2016-03-19,Chicken Tikka Chilli Masala,2,8.95,8.0,0.0,46.0,10.9,6.7,4.4,0.0,0.0,,1.735
194,2016-03-19,Chicken Tikka Jalfrezi,1,8.95,8.0,0.0,46.0,10.9,6.7,4.4,0.0,0.0,,1.019
195,2016-03-19,Chicken Tikka Masala,2,8.95,8.0,0.0,46.0,10.9,6.7,4.4,0.0,0.0,,2.236
196,2016-03-19,Chicken Tikka Pasanda,1,8.95,8.0,0.0,46.0,10.9,6.7,4.4,0.0,0.0,,1.014
197,2016-03-19,Curry,1,8.95,8.0,0.0,46.0,10.9,6.7,4.4,0.0,0.0,,1.019
198,2016-03-19,Curry Sauce,1,3.95,8.0,0.0,46.0,10.9,6.7,4.4,0.0,0.0,,1.028
199,2016-03-19,Dupiaza,1,8.95,8.0,0.0,46.0,10.9,6.7,4.4,0.0,0.0,,1.057
200,2016-03-19,Garlic Naan,5,2.95,8.0,0.0,46.0,10.9,6.7,4.4,0.0,0.0,,3.77
201,2016-03-19,Keema Naan,6,2.95,8.0,0.0,46.0,10.9,6.7,4.4,0.0,0.0,,4.508
202,2016-03-19,Keema Rice,1,3.95,8.0,0.0,46.0,10.9,6.7,4.4,0.0,0.0,,1.041
203,2016-03-19,Korma,4,8.95,8.0,0.0,46.0,10.9,6.7,4.4,0.0,0.0,,3.402
204,2016-03-19,Korma Sauce,1,3.95,8.0,0.0,46.0,10.9,6.7,4.4,0.0,0.0,,1.028
205,2016-03-19,Lamb Biryani,1,9.95,8.0,0.0,46.0,10.9,6.7,4.4,0.0,0.0,,1.023
206,2016-03-19,Lamb Tikka Chilli Masala,2,8.95,8.0,0.0,46.0,10.9,6.7,4.4,0.0,0.0,,1.621
207,2016-03-19,Lemonade 1.5 ltr,1,2.95,8.0,0.0,46.0,10.9,6.7,4.4,0.0,0.0,,1.197
208,2016-03-19,Lime Pickle,1,0.5,8.0,0.0,46.0,10.9,6.7,4.4,0.0,0.0,,2.424
209,2016-03-19,Masala Sauce,1,3.95,8.0,0.0,46.0,10.9,6.7,4.4,0.0,0.0,,1.028
210,2016-03-19,Meat Samosa,2,3.95,8.0,0.0,46.0,10.9,6.7,4.4,0.0,0.0,,1.725
211,2016-03-19,Mint Sauce,3,0.5,8.0,0.0,46.0,10.9,6.7,4.4,0.0,0.0,,2.78
212,2016-03-19,Mushroom Rice,1,3.95,8.0,0.0,46.0,10.9,6.7,4.4,0.0,0.0,,1.079
213,2016-03-19,Onion Bhajee,4,3.95,8.0,0.0,46.0,10.9,6.7,4.4,0.0,0.0,,1.832
214,2016-03-19,Onion Chutney,3,0.5,8.0,0.0,46.0,10.9,6.7,4.4,0.0,0.0,,2.579
215,2016-03-19,Paneer Tikka Masala,3,8.95,8.0,0.0,46.0,10.9,6.7,4.4,0.0,0.0,,1.132
216,2016-03-19,Peshwari Naan,1,2.95,8.0,0.0,46.0,10.9,6.7,4.4,0.0,0.0,,1.811
217,2016-03-19,Pilau Rice,5,2.95,8.0,0.0,46.0,10.9,6.7,4.4,0.0,0.0,,4.45
218,2016-03-19,Plain Naan,3,2.6,8.0,0.0,46.0,10.9,6.7,4.4,0.0,0.0,,2.464
219,2016-03-19,Plain Papadum,5,0.8,8.0,0.0,46.0,10.9,6.7,4.4,0.0,0.0,,6.213
220,2016-03-19,Plain Rice,1,2.95,8.0,0.0,46.0,10.9,6.7,4.4,0.0,0.0,,1.55
221,2016-03-19,Red Sauce,1,0.5,8.0,0.0,46.0,10.9,6.7,4.4,0.0,0.0,,2.258
222,2016-03-19,Saag Bhajee,1,5.95,8.0,0.0,46.0,10.9,6.7,4.4,0.0,0.0,,1.041
223,2016-03-19,Saag Paneer,1,5.95,8.0,0.0,46.0,10.9,6.7,4.4,0.0,0.0,,1.082
224,2016-03-19,Sheek Kehab,1,4.95,8.0,0.0,46.0,10.9,6.7,4.4,0.0,0.0,,1.157
225,2016-03-19,Special Fried Rice,3,3.95,8.0,0.0,46.0,10.9,6.7,4.4,0.0,0.0,,2.339
226,2016-03-19,Tandoori King Prawn Garlic,1,12.95,8.0,0.0,46.0,10.9,6.7,4.4,0.0,0.0,,1.03
227,2016-03-19,Tandoori King Prawn Masala,1,12.95,8.0,0.0,46.0,10.9,6.7,4.4,0.0,0.0,,1.028
228,2016-03-19,Vegetable Karahi,1,8.95,8.0,0.0,46.0,10.9,6.7,4.4,0.0,0.0,,1.016
229,2016-03-19,Vegetable Rice,1,3.95,8.0,0.0,46.0,10.9,6.7,4.4,0.0,0.0,,1.095
230,2016-03-19,Vegetable Roll,1,4.95,8.0,0.0,46.0,10.9,6.7,4.4,0.0,0.0,,1.131
231,2016-03-20,Bengal King Prawn,1,12.95,7.0,1.4,80.0,12.2,8.0,5.0,0.0,0.0,,1.155
232,2016-03-20,Bhuna,1,8.95,7.0,1.4,80.0,12.2,8.0,5.0,0.0,0.0,,1.104
233,2016-03-20,Bombay Aloo,1,5.95,7.0,1.4,80.0,12.2,8.0,5.0,0.0,0.0,,1.194
234,2016-03-20,COBRA (660ML),1,5.95,7.0,1.4,80.0,12.2,8.0,5.0,0.0,0.0,,1.13
235,2016-03-20,Chicken Balti,1,9.95,7.0,1.4,80.0,12.2,8.0,5.0,0.0,0.0,,1.059
236,2016-03-20,Chicken Biryani,2,9.95,7.0,1.4,80.0,12.2,8.0,5.0,0.0,0.0,,1.753
237,2016-03-20,Chicken Chaat,1,4.95,7.0,1.4,80.0,12.2,8.0,5.0,0.0,0.0,,1.048
238,2016-03-20,Chicken Tikka Biryani,3,10.95,7.0,1.4,80.0,12.2,8.0,5.0,0.0,0.0,,2.335
239,2016-03-20,Chicken Tikka Garlic,1,8.95,7.0,1.4,80.0,12.2,8.0,5.0,0.0,0.0,,1.006
240,2016-03-20,Chicken Tikka Jalfrezi,1,8.95,7.0,1.4,80.0,12.2,8.0,5.0,0.0,0.0,,1.006
241,2016-03-20,Chicken Tikka Masala,1,8.95,7.0,1.4,80.0,12.2,8.0,5.0,0.0,0.0,,1.627
242,2016-03-20,Diet Coke 1.5 ltr,1,2.95,7.0,1.4,80.0,12.2,8.0,5.0,0.0,0.0,,1.161
243,2016-03-20,Egg Rice,1,3.95,7.0,1.4,80.0,12.2,8.0,5.0,0.0,0.0,,1.028
244,2016-03-20,Garlic Naan,3,2.95,7.0,1.4,80.0,12.2,8.0,5.0,0.0,0.0,,1.971
245,2016-03-20,Keema Naan,2,2.95,7.0,1.4,80.0,12.2,8.0,5.0,0.0,0.0,,1.929
246,2016-03-20,King Prawn Puree,1,5.95,7.0,1.4,80.0,12.2,8.0,5.0,0.0,0.0,,1.0
247,2016-03-20,Korma,3,8.95,7.0,1.4,80.0,12.2,8.0,5.0,0.0,0.0,,1.48
248,2016-03-20,Lamb Biryani,1,9.95,7.0,1.4,80.0,12.2,8.0,5.0,0.0,0.0,,1.048
249,2016-03-20,Lemon Rice,1,3.95,7.0,1.4,80.0,12.2,8.0,5.0,0.0,0.0,,1.048
250,2016-03-20,Madras,1,7.95,7.0,1.4,80.0,12.2,8.0,5.0,0.0,0.0,,1.225
251,2016-03-20,Meat Samosa,2,3.95,7.0,1.4,80.0,12.2,8.0,5.0,0.0,0.0,,1.771
252,2016-03-20,Mint Sauce,3,0.5,7.0,1.4,80.0,12.2,8.0,5.0,0.0,0.0,,2.532
253,2016-03-20,Mushroom Rice,1,3.95,7.0,1.4,80.0,12.2,8.0,5.0,0.0,0.0,,1.044
254,2016-03-20,Onion Bhajee,4,3.95,7.0,1.4,80.0,12.2,8.0,5.0,0.0,0.0,,1.552
255,2016-03-20,Onion Chutney,2,0.5,7.0,1.4,80.0,12.2,8.0,5.0,0.0,0.0,,2.042
256,2016-03-20,Plain Naan,2,2.6,7.0,1.4,80.0,12.2,8.0,5.0,0.0,0.0,,2.287
257,2016-03-20,Plain Papadum,2,0.8,7.0,1.4,80.0,12.2,8.0,5.0,0.0,0.0,,3.868
258,2016-03-20,Plain Rice,2,2.95,7.0,1.4,80.0,12.2,8.0,5.0,0.0,0.0,,1.829
259,2016-03-20,Red Sauce,1,0.5,7.0,1.4,80.0,12.2,8.0,5.0,0.0,0.0,,1.987
260,2016-03-20,Rogon,1,8.95,7.0,1.4,80.0,12.2,8.0,5.0,0.0,0.0,,1.08
261,2016-03-20,Saag Dall,1,5.95,7.0,1.4,80.0,12.2,8.0,5.0,0.0,0.0,,1.0
262,2016-03-20,Spicy Papadum,1,0.8,7.0,1.4,80.0,12.2,8.0,5.0,0.0,0.0,,1.348
263,2016-03-20,Tandoori Chicken (1/4),1,4.95,7.0,1.4,80.0,12.2,8.0,5.0,0.0,0.0,,1.015
264,2016-03-21,Aloo Gobi,1,5.95,7.0,0.8,70.0,13.9,9.0,5.7,0.0,0.0,,1.023
265,2016-03-21,Bengal King Prawn,1,12.95,7.0,0.8,70.0,13.9,9.0,5.7,0.0,0.0,,1.0
266,2016-03-21,Bhuna,1,9.95,7.0,0.8,70.0,13.9,9.0,5.7,0.0,0.0,,1.075
267,2016-03-21,Chicken Tikka Balti,1,10.95,7.0,0.8,70.0,13.9,9.0,5.7,0.0,0.0,,1.017
268,2016-03-21,Chicken Tikka Chilli Masala,1,8.95,7.0,0.8,70.0,13.9,9.0,5.7,0.0,0.0,,1.105
269,2016-03-21,Chicken Tikka Jalfrezi,1,8.95,7.0,0.8,70.0,13.9,9.0,5.7,0.0,0.0,,1.0
270,2016-03-21,Lamb Shashlick Curry,1,12.95,7.0,0.8,70.0,13.9,9.0,5.7,0.0,0.0,,1.0
271,2016-03-21,Mixed Starter,1,5.95,7.0,0.8,70.0,13.9,9.0,5.7,0.0,0.0,,1.088
272,2016-03-21,Mushroom Rice,1,3.95,7.0,0.8,70.0,13.9,9.0,5.7,0.0,0.0,,1.049
273,2016-03-21,Pilau Rice,1,2.95,7.0,0.8,70.0,13.9,9.0,5.7,0.0,0.0,,1.824
274,2016-03-21,Plain Naan,1,2.6,7.0,0.8,70.0,13.9,9.0,5.7,0.0,0.0,,1.604
275,2016-03-21,Saag Rice,1,3.95,7.0,0.8,70.0,13.9,9.0,5.7,0.0,0.0,,1.012
276,2016-03-21,Tandoori Fish,1,5.95,7.0,0.8,70.0,13.9,9.0,5.7,0.0,0.0,,1.036
277,2016-03-21,Tandoori Roti,1,2.6,7.0,0.8,70.0,13.9,9.0,5.7,0.0,0.0,,1.092
278,2016-03-22,Chicken Hari Mirch,1,9.95,2.0,9.6,183.0,10.4,7.6,1.2,0.0,0.0,,1.002
279,2016-03-22,Chicken Pakora,1,5.95,2.0,9.6,183.0,10.4,7.6,1.2,0.0,0.0,,1.046
280,2016-03-22,Chicken Tikka (Main),1,8.95,2.0,9.6,183.0,10.4,7.6,1.2,0.0,0.0,,1.165
281,2016-03-22,Chicken Tikka Biryani,1,10.95,2.0,9.6,183.0,10.4,7.6,1.2,0.0,0.0,,1.273
282,2016-03-22,Chicken Tikka Masala,1,8.95,2.0,9.6,183.0,10.4,7.6,1.2,0.0,0.0,,1.16
283,2016-03-22,Lamb Tikka,1,4.95,2.0,9.6,183.0,10.4,7.6,1.2,0.0,0.0,,1.015
284,2016-03-22,Plain Naan,1,2.6,2.0,9.6,183.0,10.4,7.6,1.2,0.0,0.0,,1.503
285,2016-03-22,Plain Rice,2,2.95,2.0,9.6,183.0,10.4,7.6,1.2,0.0,0.0,,1.691
286,2016-03-22,Vindaloo,1,7.95,2.0,9.6,183.0,10.4,7.6,1.2,0.0,0.0,,1.177
287,2016-03-23,Brinjal Bhajee,1,5.95,8.0,0.0,49.0,11.4,8.3,6.2,0.0,0.0,,1.009
288,2016-03-23,Chicken Biryani,2,9.95,8.0,0.0,49.0,11.4,8.3,6.2,0.0,0.0,,1.835
289,2016-03-23,Chicken Tikka Garlic,1,8.95,8.0,0.0,49.0,11.4,8.3,6.2,0.0,0.0,,1.031
290,2016-03-23,Coke 1.5 ltr,1,2.95,8.0,0.0,49.0,11.4,8.3,6.2,0.0,0.0,,1.153
291,2016-03-23,Curry,1,7.95,8.0,0.0,49.0,11.4,8.3,6.2,0.0,0.0,,1.061
292,2016-03-23,Dhansak Sauce,1,3.95,8.0,0.0,49.0,11.4,8.3,6.2,0.0,0.0,,1.026
293,2016-03-23,Garlic Naan,2,2.95,8.0,0.0,49.0,11.4,8.3,6.2,0.0,0.0,,2.073
294,2016-03-23,Lamb Tikka Masala,1,8.95,8.0,0.0,49.0,11.4,8.3,6.2,0.0,0.0,,1.453
295,2016-03-23,Meat Samosa,1,3.95,8.0,0.0,49.0,11.4,8.3,6.2,0.0,0.0,,1.27
296,2016-03-23,Mint Sauce,1,0.5,8.0,0.0,49.0,11.4,8.3,6.2,0.0,0.0,,2.089
297,2016-03-23,Onion Chutney,1,0.5,8.0,0.0,49.0,11.4,8.3,6.2,0.0,0.0,,1.421
298,2016-03-23,Peshwari Naan,1,2.95,8.0,0.0,49.0,11.4,8.3,6.2,0.0,0.0,,1.716
299,2016-03-23,Pilau Rice,3,2.95,8.0,0.0,49.0,11.4,8.3,6.2,0.0,0.0,,3.303
300,2016-03-23,Plain Naan,2,2.6,8.0,0.0,49.0,11.4,8.3,6.2,0.0,0.0,,2.169
301,2016-03-23,Plain Papadum,8,0.8,8.0,0.0,49.0,11.4,8.3,6.2,0.0,0.0,,7.27
302,2016-03-23,Red Sauce,2,0.5,8.0,0.0,49.0,11.4,8.3,6.2,0.0,0.0,,1.749
303,2016-03-23,Royal Paneer,1,5.95,8.0,0.0,49.0,11.4,8.3,6.2,0.0,0.0,,1.025
304,2016-03-23,Saag Paneer,1,5.95,8.0,0.0,49.0,11.4,8.3,6.2,0.0,0.0,,1.042
305,2016-03-24,Lamb Biryani,2,9.95,8.0,0.0,49.0,15.1,8.2,5.0,8.0,0.0,,1.007
306,2016-03-24,Tandoori Mixed Grill,2,11.95,8.0,0.0,49.0,15.1,8.2,5.0,8.0,0.0,,1.053
307,2016-03-25,Baingan Hari Mirch,1,5.95,4.0,9.6,189.0,13.9,11.2,7.4,0.0,0.0,True,1.038
308,2016-03-25,Bombay Aloo,2,5.95,4.0,9.6,189.0,13.9,11.2,7.4,0.0,0.0,True,1.712
309,2016-03-25,Chapati,2,1.95,4.0,9.6,189.0,13.9,11.2,7.4,0.0,0.0,True,1.312
310,2016-03-25,Chicken Pakora,1,5.95,4.0,9.6,189.0,13.9,11.2,7.4,0.0,0.0,True,1.121
311,2016-03-25,Chicken Tikka,2,4.95,4.0,9.6,189.0,13.9,11.2,7.4,0.0,0.0,True,1.693
312,2016-03-25,Chicken Tikka Biryani,1,10.95,4.0,9.6,189.0,13.9,11.2,7.4,0.0,0.0,True,1.125
313,2016-03-25,Chicken Tikka Jeera,1,8.95,4.0,9.6,189.0,13.9,11.2,7.4,0.0,0.0,True,1.003
314,2016-03-25,Chicken Tikka Masala,2,8.95,4.0,9.6,189.0,13.9,11.2,7.4,0.0,0.0,True,1.467
315,2016-03-25,Chicken Tikka Pasanda,1,8.95,4.0,9.6,189.0,13.9,11.2,7.4,0.0,0.0,True,1.003
316,2016-03-25,Dupiaza,1,8.95,4.0,9.6,189.0,13.9,11.2,7.4,0.0,0.0,True,1.079
317,2016-03-25,French Fries,1,3.95,4.0,9.6,189.0,13.9,11.2,7.4,0.0,0.0,True,1.033
318,2016-03-25,Garlic Naan,2,2.95,4.0,9.6,189.0,13.9,11.2,7.4,0.0,0.0,True,1.467
319,2016-03-25,King Prawn Biryani,1,12.95,4.0,9.6,189.0,13.9,11.2,7.4,0.0,0.0,True,1.011
320,2016-03-25,Korma,1,8.95,4.0,9.6,189.0,13.9,11.2,7.4,0.0,0.0,True,1.386
321,2016-03-25,Meat Samosa,3,3.95,4.0,9.6,189.0,13.9,11.2,7.4,0.0,0.0,True,1.847
322,2016-03-25,Mixed Starter,1,5.95,4.0,9.6,189.0,13.9,11.2,7.4,0.0,0.0,True,1.142
323,2016-03-25,Mushroom Rice,1,3.95,4.0,9.6,189.0,13.9,11.2,7.4,0.0,0.0,True,1.11
324,2016-03-25,Onion Bhajee,1,3.95,4.0,9.6,189.0,13.9,11.2,7.4,0.0,0.0,True,1.356
325,2016-03-25,Paneer Tikka Masala,1,8.95,4.0,9.6,189.0,13.9,11.2,7.4,0.0,0.0,True,1.145
326,2016-03-25,Pilau Rice,5,2.95,4.0,9.6,189.0,13.9,11.2,7.4,0.0,0.0,True,4.062
327,2016-03-25,Plain Naan,2,2.6,4.0,9.6,189.0,13.9,11.2,7.4,0.0,0.0,True,2.461
328,2016-03-25,Prawn Biryani,1,10.95,4.0,9.6,189.0,13.9,11.2,7.4,0.0,0.0,True,1.009
329,2016-03-25,Raitha,1,2.95,4.0,9.6,189.0,13.9,11.2,7.4,0.0,0.0,True,1.19
330,2016-03-25,Saag Paneer,1,5.95,4.0,9.6,189.0,13.9,11.2,7.4,0.0,0.0,True,1.035
331,2016-03-25,Special Fried Rice,1,3.95,4.0,9.6,189.0,13.9,11.2,7.4,0.0,0.0,True,1.315
332,2016-03-25,Tandoori Fish,1,5.95,4.0,9.6,189.0,13.9,11.2,7.4,0.0,0.0,True,1.17
333,2016-03-25,Tarka Dall,1,5.95,4.0,9.6,189.0,13.9,11.2,7.4,0.0,0.0,True,1.038
334,2016-03-25,Vegetable Balti,1,9.95,4.0,9.6,189.0,13.9,11.2,7.4,0.0,0.0,True,1.006
335,2016-03-25,Vegetable Roll,3,4.95,4.0,9.6,189.0,13.9,11.2,7.4,0.0,0.0,True,2.293
336,2016-03-26,Bhindi Bhajee,2,5.95,7.0,0.0,51.0,11.2,9.8,5.8,4.6,0.0,,1.641
337,2016-03-26,Bhuna,2,8.95,7.0,0.0,51.0,11.2,9.8,5.8,4.6,0.0,,1.665
338,2016-03-26,Bombay Aloo,1,5.95,7.0,0.0,51.0,11.2,9.8,5.8,4.6,0.0,,1.58
339,2016-03-26,Chapati,1,1.95,7.0,0.0,51.0,11.2,9.8,5.8,4.6,0.0,,1.096
340,2016-03-26,Chicken Sylhet,1,9.95,7.0,0.0,51.0,11.2,9.8,5.8,4.6,0.0,,1.033
341,2016-03-26,Chicken Tikka,1,4.95,7.0,0.0,51.0,11.2,9.8,5.8,4.6,0.0,,1.063
342,2016-03-26,Chicken Tikka Masala,1,8.95,7.0,0.0,51.0,11.2,9.8,5.8,4.6,0.0,,1.626
343,2016-03-26,Coke 1.5 ltr,1,2.95,7.0,0.0,51.0,11.2,9.8,5.8,4.6,0.0,,1.071
344,2016-03-26,Curry,1,7.95,7.0,0.0,51.0,11.2,9.8,5.8,4.6,0.0,,1.218
345,2016-03-26,Egg Rice,1,3.95,7.0,0.0,51.0,11.2,9.8,5.8,4.6,0.0,,1.031
346,2016-03-26,Garlic Naan,1,2.95,7.0,0.0,51.0,11.2,9.8,5.8,4.6,0.0,,1.795
347,2016-03-26,Korma,3,8.95,7.0,0.0,51.0,11.2,9.8,5.8,4.6,0.0,,2.589
348,2016-03-26,Kulcha Naan,1,2.95,7.0,0.0,51.0,11.2,9.8,5.8,4.6,0.0,,1.105
349,2016-03-26,Lamb Tikka Biryani,1,10.95,7.0,0.0,51.0,11.2,9.8,5.8,4.6,0.0,,1.031
350,2016-03-26,Madras,1,11.95,7.0,0.0,51.0,11.2,9.8,5.8,4.6,0.0,,1.613
351,2016-03-26,Meat Samosa,1,3.95,7.0,0.0,51.0,11.2,9.8,5.8,4.6,0.0,,1.302
352,2016-03-26,Mixed Starter,2,5.95,7.0,0.0,51.0,11.2,9.8,5.8,4.6,0.0,,1.667
353,2016-03-26,Mushroom Rice,1,3.95,7.0,0.0,51.0,11.2,9.8,5.8,4.6,0.0,,1.119
354,2016-03-26,Onion Chutney,1,0.5,7.0,0.0,51.0,11.2,9.8,5.8,4.6,0.0,,1.26
355,2016-03-26,Peshwari Naan,2,2.95,7.0,0.0,51.0,11.2,9.8,5.8,4.6,0.0,,1.876
356,2016-03-26,Pilau Rice,2,2.95,7.0,0.0,51.0,11.2,9.8,5.8,4.6,0.0,,2.638
357,2016-03-26,Plain Naan,2,2.6,7.0,0.0,51.0,11.2,9.8,5.8,4.6,0.0,,2.24
358,2016-03-26,Plain Papadum,5,0.8,7.0,0.0,51.0,11.2,9.8,5.8,4.6,0.0,,4.988
359,2016-03-26,Plain Rice,2,2.95,7.0,0.0,51.0,11.2,9.8,5.8,4.6,0.0,,1.836
360,2016-03-26,Prawn Karahi,1,9.95,7.0,0.0,51.0,11.2,9.8,5.8,4.6,0.0,,1.032
361,2016-03-26,Raitha,1,2.95,7.0,0.0,51.0,11.2,9.8,5.8,4.6,0.0,,1.111
362,2016-03-26,Tandoori Chicken (Main),1,8.95,7.0,0.0,51.0,11.2,9.8,5.8,4.6,0.0,,1.187
363,2016-03-27,Aloo Chaat,1,4.95,6.0,4.7,136.0,12.9,8.4,5.5,19.2,0.0,,1.099
364,2016-03-27,Bhuna,3,8.95,6.0,4.7,136.0,12.9,8.4,5.5,19.2,0.0,,2.3
365,2016-03-27,Chicken Pakora,1,5.95,6.0,4.7,136.0,12.9,8.4,5.5,19.2,0.0,,1.139
366,2016-03-27,Chicken Tikka Masala,2,8.95,6.0,4.7,136.0,12.9,8.4,5.5,19.2,0.0,,2.038
367,2016-03-27,Garlic Naan,3,2.95,6.0,4.7,136.0,12.9,8.4,5.5,19.2,0.0,,2.391
368,2016-03-27,Garlic Rice,1,3.95,6.0,4.7,136.0,12.9,8.4,5.5,19.2,0.0,,1.029
369,2016-03-27,Keema Naan,1,2.95,6.0,4.7,136.0,12.9,8.4,5.5,19.2,0.0,,1.107
370,2016-03-27,Korma,2,8.95,6.0,4.7,136.0,12.9,8.4,5.5,19.2,0.0,,1.242
371,2016-03-27,Lamb Tikka Biryani,1,10.95,6.0,4.7,136.0,12.9,8.4,5.5,19.2,0.0,,1.312
372,2016-03-27,Masala Sauce,1,3.95,6.0,4.7,136.0,12.9,8.4,5.5,19.2,0.0,,1.027
373,2016-03-27,Meat Samosa,1,3.95,6.0,4.7,136.0,12.9,8.4,5.5,19.2,0.0,,1.26
374,2016-03-27,Mint Sauce,1,0.5,6.0,4.7,136.0,12.9,8.4,5.5,19.2,0.0,,1.116
375,2016-03-27,Onion Bhajee,3,3.95,6.0,4.7,136.0,12.9,8.4,5.5,19.2,0.0,,2.415
376,2016-03-27,Peshwari Naan,1,2.95,6.0,4.7,136.0,12.9,8.4,5.5,19.2,0.0,,1.213
377,2016-03-27,Pilau Rice,2,2.95,6.0,4.7,136.0,12.9,8.4,5.5,19.2,0.0,,2.915
378,2016-03-27,Plain Papadum,1,0.8,6.0,4.7,136.0,12.9,8.4,5.5,19.2,0.0,,2.594
379,2016-03-27,Plain Rice,1,2.95,6.0,4.7,136.0,12.9,8.4,5.5,19.2,0.0,,1.173
380,2016-03-27,Saag Bhajee,1,5.95,6.0,4.7,136.0,12.9,8.4,5.5,19.2,0.0,,1.105
381,2016-03-27,Saag Paneer,1,5.95,6.0,4.7,136.0,12.9,8.4,5.5,19.2,0.0,,1.044
382,2016-03-27,Sheek Kebab,1,4.95,6.0,4.7,136.0,12.9,8.4,5.5,19.2,0.0,,1.048
383,2016-03-27,Tandoori Fish,1,5.95,6.0,4.7,136.0,12.9,8.4,5.5,19.2,0.0,,1.055
384,2016-03-27,Tandoori Roti,1,2.6,6.0,4.7,136.0,12.9,8.4,5.5,19.2,0.0,,1.018
385,2016-03-28,Bombay Aloo,2,5.95,7.0,5.1,142.0,12.7,8.3,3.7,1.4,0.0,True,1.725
386,2016-03-28,Butter Chicken,1,9.95,7.0,5.1,142.0,12.7,8.3,3.7,1.4,0.0,True,1.079
387,2016-03-28,Chapati,1,1.95,7.0,5.1,142.0,12.7,8.3,3.7,1.4,0.0,True,1.224
388,2016-03-28,Chicken Biryani,1,9.95,7.0,5.1,142.0,12.7,8.3,3.7,1.4,0.0,True,1.186
389,2016-03-28,Chicken Karahi,1,8.95,7.0,5.1,142.0,12.7,8.3,3.7,1.4,0.0,True,1.0
390,2016-03-28,Chicken Tikka Chilli Masala,1,8.95,7.0,5.1,142.0,12.7,8.3,3.7,1.4,0.0,True,1.059
391,2016-03-28,Chicken Tikka Garlic,1,8.95,7.0,5.1,142.0,12.7,8.3,3.7,1.4,0.0,True,1.0
392,2016-03-28,Chicken Tikka Masala,3,8.95,7.0,5.1,142.0,12.7,8.3,3.7,1.4,0.0,True,2.491
393,2016-03-28,Keema Naan,1,2.95,7.0,5.1,142.0,12.7,8.3,3.7,1.4,0.0,True,1.154
394,2016-03-28,King Prawn Karahi,1,12.95,7.0,5.1,142.0,12.7,8.3,3.7,1.4,0.0,True,1.001
395,2016-03-28,Korma,1,8.95,7.0,5.1,142.0,12.7,8.3,3.7,1.4,0.0,True,1.216
396,2016-03-28,Lamb Karahi,1,8.95,7.0,5.1,142.0,12.7,8.3,3.7,1.4,0.0,True,1.146
397,2016-03-28,Lamb Tikka Jalfrezi,1,8.95,7.0,5.1,142.0,12.7,8.3,3.7,1.4,0.0,True,1.0
398,2016-03-28,Lemon Rice,1,3.95,7.0,5.1,142.0,12.7,8.3,3.7,1.4,0.0,True,1.002
399,2016-03-28,Madras,3,7.95,7.0,5.1,142.0,12.7,8.3,3.7,1.4,0.0,True,2.263
400,2016-03-28,Meat Samosa,1,3.95,7.0,5.1,142.0,12.7,8.3,3.7,1.4,0.0,True,1.283
401,2016-03-28,Mint Sauce,1,0.5,7.0,5.1,142.0,12.7,8.3,3.7,1.4,0.0,True,1.296
402,2016-03-28,Mushroom Rice,1,3.95,7.0,5.1,142.0,12.7,8.3,3.7,1.4,0.0,True,1.098
403,2016-03-28,Onion Bhajee,1,3.95,7.0,5.1,142.0,12.7,8.3,3.7,1.4,0.0,True,1.289
404,2016-03-28,Onion Chutney,3,0.5,7.0,5.1,142.0,12.7,8.3,3.7,1.4,0.0,True,2.356
405,2016-03-28,Onion Rice,1,3.95,7.0,5.1,142.0,12.7,8.3,3.7,1.4,0.0,True,1.002
406,2016-03-28,Pilau Rice,2,2.95,7.0,5.1,142.0,12.7,8.3,3.7,1.4,0.0,True,2.127
407,2016-03-28,Plain Naan,7,2.6,7.0,5.1,142.0,12.7,8.3,3.7,1.4,0.0,True,5.02
408,2016-03-28,Plain Papadum,13,0.8,7.0,5.1,142.0,12.7,8.3,3.7,1.4,0.0,True,3.501
409,2016-03-28,Plain Rice,1,2.95,7.0,5.1,142.0,12.7,8.3,3.7,1.4,0.0,True,1.145
410,2016-03-28,Saag Aloo,1,5.95,7.0,5.1,142.0,12.7,8.3,3.7,1.4,0.0,True,1.11
411,2016-03-28,Saag Paneer,1,5.95,7.0,5.1,142.0,12.7,8.3,3.7,1.4,0.0,True,1.04
412,2016-03-28,Saag Rice,1,3.95,7.0,5.1,142.0,12.7,8.3,3.7,1.4,0.0,True,1.002
413,2016-03-28,Sheek Kebab (Main),1,8.95,7.0,5.1,142.0,12.7,8.3,3.7,1.4,0.0,True,1.0
414,2016-03-28,Special Fried Rice,1,3.95,7.0,5.1,142.0,12.7,8.3,3.7,1.4,0.0,True,1.172
415,2016-03-29,Bhuna,1,8.95,4.0,5.7,151.0,12.9,8.6,4.4,5.2,0.0,,1.184
416,2016-03-29,Bombay Aloo,1,5.95,4.0,5.7,151.0,12.9,8.6,4.4,5.2,0.0,,1.107
417,2016-03-29,COBRA (660ML),1,5.95,4.0,5.7,151.0,12.9,8.6,4.4,5.2,0.0,,1.152
418,2016-03-29,Chicken Balti,1,9.95,4.0,5.7,151.0,12.9,8.6,4.4,5.2,0.0,,1.001
419,2016-03-29,Chicken Tikka,1,4.95,4.0,5.7,151.0,12.9,8.6,4.4,5.2,0.0,,1.09
420,2016-03-29,Chicken Tikka Chilli Masala,1,8.95,4.0,5.7,151.0,12.9,8.6,4.4,5.2,0.0,,1.047
421,2016-03-29,Chicken Tikka Masala,1,8.95,4.0,5.7,151.0,12.9,8.6,4.4,5.2,0.0,,1.231
422,2016-03-29,Coke 1.5 ltr,2,2.95,4.0,5.7,151.0,12.9,8.6,4.4,5.2,0.0,,1.68
423,2016-03-29,Curry,1,11.95,4.0,5.7,151.0,12.9,8.6,4.4,5.2,0.0,,1.084
424,2016-03-29,French Fries,1,3.95,4.0,5.7,151.0,12.9,8.6,4.4,5.2,0.0,,1.037
425,2016-03-29,Garlic Naan,1,2.95,4.0,5.7,151.0,12.9,8.6,4.4,5.2,0.0,,1.736
426,2016-03-29,Keema Naan,1,2.95,4.0,5.7,151.0,12.9,8.6,4.4,5.2,0.0,,1.135
427,2016-03-29,Korma,1,8.95,4.0,5.7,151.0,12.9,8.6,4.4,5.2,0.0,,1.129
428,2016-03-29,Kulcha Naan,1,2.95,4.0,5.7,151.0,12.9,8.6,4.4,5.2,0.0,,1.139
429,2016-03-29,Lamb Biryani,1,9.95,4.0,5.7,151.0,12.9,8.6,4.4,5.2,0.0,,1.001
430,2016-03-29,Lamb Rezala,1,9.95,4.0,5.7,151.0,12.9,8.6,4.4,5.2,0.0,,1.001
431,2016-03-29,Madras,2,7.95,4.0,5.7,151.0,12.9,8.6,4.4,5.2,0.0,,1.763
432,2016-03-29,Meat Samosa,1,3.95,4.0,5.7,151.0,12.9,8.6,4.4,5.2,0.0,,1.476
433,2016-03-29,Mixed Starter,2,5.95,4.0,5.7,151.0,12.9,8.6,4.4,5.2,0.0,,1.696
434,2016-03-29,Peshwari Naan,1,2.95,4.0,5.7,151.0,12.9,8.6,4.4,5.2,0.0,,1.22
435,2016-03-29,Pilau Rice,4,2.95,4.0,5.7,151.0,12.9,8.6,4.4,5.2,0.0,,3.361
436,2016-03-29,Plain Naan,4,2.6,4.0,5.7,151.0,12.9,8.6,4.4,5.2,0.0,,2.184
437,2016-03-29,Plain Rice,2,2.95,4.0,5.7,151.0,12.9,8.6,4.4,5.2,0.0,,1.682
438,2016-03-29,Prier Water (750ml),1,3.95,4.0,5.7,151.0,12.9,8.6,4.4,5.2,0.0,,1.036
439,2016-03-29,Saag,1,8.95,4.0,5.7,151.0,12.9,8.6,4.4,5.2,0.0,,1.178
440,2016-03-29,Tandoori Chicken Masala,1,8.95,4.0,5.7,151.0,12.9,8.6,4.4,5.2,0.0,,1.001
441,2016-03-29,Tandoori Mixed Grill,1,11.95,4.0,5.7,151.0,12.9,8.6,4.4,5.2,0.0,,1.057
442,2016-03-29,Tarka Dall,1,5.95,4.0,5.7,151.0,12.9,8.6,4.4,5.2,0.0,,1.013
443,2016-03-29,Vegetable Rice,2,3.95,4.0,5.7,151.0,12.9,8.6,4.4,5.2,0.0,,1.68
444,2016-03-30,Butter Chicken,1,9.95,4.0,8.8,189.0,12.8,8.8,4.6,0.0,0.0,,1.1
445,2016-03-30,COBRA (660ML),1,5.95,4.0,8.8,189.0,12.8,8.8,4.6,0.0,0.0,,1.274
446,2016-03-30,Chicken Biryani,1,9.95,4.0,8.8,189.0,12.8,8.8,4.6,0.0,0.0,,1.174
447,2016-03-30,Dhansak,2,8.95,4.0,8.8,189.0,12.8,8.8,4.6,0.0,0.0,,1.74
448,2016-03-30,Garlic Naan,1,2.95,4.0,8.8,189.0,12.8,8.8,4.6,0.0,0.0,,1.299
449,2016-03-30,Lamb Hari Mirch,1,9.95,4.0,8.8,189.0,12.8,8.8,4.6,0.0,0.0,,1.025
450,2016-03-30,Mushroom Rice,2,3.95,4.0,8.8,189.0,12.8,8.8,4.6,0.0,0.0,,1.693
451,2016-03-30,Onion Bhajee,1,3.95,4.0,8.8,189.0,12.8,8.8,4.6,0.0,0.0,,1.599
452,2016-03-30,Paneer Tikka Balti,1,10.95,4.0,8.8,189.0,12.8,8.8,4.6,0.0,0.0,,1.028
453,2016-03-30,Peshwari Naan,2,2.95,4.0,8.8,189.0,12.8,8.8,4.6,0.0,0.0,,1.702
454,2016-03-30,Pilau Rice,2,2.95,4.0,8.8,189.0,12.8,8.8,4.6,0.0,0.0,,2.399
455,2016-03-30,Plain Naan,1,2.6,4.0,8.8,189.0,12.8,8.8,4.6,0.0,0.0,,1.238
456,2016-03-30,Plain Papadum,6,0.8,4.0,8.8,189.0,12.8,8.8,4.6,0.0,0.0,,5.987
457,2016-03-30,Plain Rice,1,2.95,4.0,8.8,189.0,12.8,8.8,4.6,0.0,0.0,,1.156
458,2016-03-30,Puree,1,1.95,4.0,8.8,189.0,12.8,8.8,4.6,0.0,0.0,,1.096
459,2016-03-30,Vegetable Balti,1,9.95,4.0,8.8,189.0,12.8,8.8,4.6,0.0,0.0,,1.029
460,2016-03-31,Keema Naan,1,2.95,4.0,6.6,165.0,13.1,8.6,4.5,0.0,0.0,,1.081
461,2016-03-31,Korma,1,8.95,4.0,6.6,165.0,13.1,8.6,4.5,0.0,0.0,,1.126
462,2016-03-31,Pilau Rice,1,2.95,4.0,6.6,165.0,13.1,8.6,4.5,0.0,0.0,,2.747
463,2016-04-01,Aloo Gobi,2,5.95,3.0,7.1,173.0,14.5,7.0,0.9,0.0,0.0,,1.669
464,2016-04-01,Bhindi Bhajee,1,5.95,3.0,7.1,173.0,14.5,7.0,0.9,0.0,0.0,,1.149
465,2016-04-01,Bhuna,1,8.95,3.0,7.1,173.0,14.5,7.0,0.9,0.0,0.0,,1.073
466,2016-04-01,Bombay Aloo,1,5.95,3.0,7.1,173.0,14.5,7.0,0.9,0.0,0.0,,1.275
467,2016-04-01,Chapati,6,1.95,3.0,7.1,173.0,14.5,7.0,0.9,0.0,0.0,,4.273
468,2016-04-01,Chicken Balti,1,9.95,3.0,7.1,173.0,14.5,7.0,0.9,0.0,0.0,,1.002
469,2016-04-01,Chicken Biryani,1,9.95,3.0,7.1,173.0,14.5,7.0,0.9,0.0,0.0,,1.083
470,2016-04-01,Chicken Tikka Biryani,1,10.95,3.0,7.1,173.0,14.5,7.0,0.9,0.0,0.0,,1.193
471,2016-04-01,Chicken Tikka Masala,2,8.95,3.0,7.1,173.0,14.5,7.0,0.9,0.0,0.0,,1.754
472,2016-04-01,Garlic Naan,4,2.95,3.0,7.1,173.0,14.5,7.0,0.9,0.0,0.0,,3.051
473,2016-04-01,Keema Naan,1,2.95,3.0,7.1,173.0,14.5,7.0,0.9,0.0,0.0,,1.42
474,2016-04-01,Keema Rice,2,3.95,3.0,7.1,173.0,14.5,7.0,0.9,0.0,0.0,,1.702
475,2016-04-01,King Prawn Butterfly,1,5.95,3.0,7.1,173.0,14.5,7.0,0.9,0.0,0.0,,1.086
476,2016-04-01,Korma,3,8.95,3.0,7.1,173.0,14.5,7.0,0.9,0.0,0.0,,2.493
477,2016-04-01,Kulcha Naan,1,2.95,3.0,7.1,173.0,14.5,7.0,0.9,0.0,0.0,,1.2
478,2016-04-01,Lamb Biryani,1,9.95,3.0,7.1,173.0,14.5,7.0,0.9,0.0,0.0,,1.001
479,2016-04-01,Lamb Mysore,1,9.95,3.0,7.1,173.0,14.5,7.0,0.9,0.0,0.0,,1.002
480,2016-04-01,Lamb Shashlick Curry,1,12.95,3.0,7.1,173.0,14.5,7.0,0.9,0.0,0.0,,1.002
481,2016-04-01,Lamb Tikka Jalfrezi,1,8.95,3.0,7.1,173.0,14.5,7.0,0.9,0.0,0.0,,1.035
482,2016-04-01,Lime Pickle,4,0.5,3.0,7.1,173.0,14.5,7.0,0.9,0.0,0.0,,3.371
483,2016-04-01,Meat Samosa,2,3.95,3.0,7.1,173.0,14.5,7.0,0.9,0.0,0.0,,2.091
484,2016-04-01,Mint Sauce,3,0.5,3.0,7.1,173.0,14.5,7.0,0.9,0.0,0.0,,2.715
485,2016-04-01,Mixed Starter,2,5.95,3.0,7.1,173.0,14.5,7.0,0.9,0.0,0.0,,1.728
486,2016-04-01,Muttar Paneer,1,5.95,3.0,7.1,173.0,14.5,7.0,0.9,0.0,0.0,,1.184
487,2016-04-01,Onion Chutney,3,0.5,3.0,7.1,173.0,14.5,7.0,0.9,0.0,0.0,,2.777
488,2016-04-01,Paratha,1,2.95,3.0,7.1,173.0,14.5,7.0,0.9,0.0,0.0,,1.175
489,2016-04-01,Pathia,1,8.95,3.0,7.1,173.0,14.5,7.0,0.9,0.0,0.0,,1.135
490,2016-04-01,Peshwari Naan,1,2.95,3.0,7.1,173.0,14.5,7.0,0.9,0.0,0.0,,1.231
491,2016-04-01,Pilau Rice,5,2.95,3.0,7.1,173.0,14.5,7.0,0.9,0.0,0.0,,3.892
492,2016-04-01,Plain Naan,2,2.6,3.0,7.1,173.0,14.5,7.0,0.9,0.0,0.0,,2.047
493,2016-04-01,Plain Papadum,15,0.8,3.0,7.1,173.0,14.5,7.0,0.9,0.0,0.0,,5.848
494,2016-04-01,Plain Rice,3,2.95,3.0,7.1,173.0,14.5,7.0,0.9,0.0,0.0,,1.414
495,2016-04-01,Prawn Karahi,1,9.95,3.0,7.1,173.0,14.5,7.0,0.9,0.0,0.0,,1.002
496,2016-04-01,Red Sauce,2,0.5,3.0,7.1,173.0,14.5,7.0,0.9,0.0,0.0,,2.233
497,2016-04-01,Royal Paneer,1,5.95,3.0,7.1,173.0,14.5,7.0,0.9,0.0,0.0,,1.112
498,2016-04-01,Saag,2,8.95,3.0,7.1,173.0,14.5,7.0,0.9,0.0,0.0,,1.659
499,2016-04-01,Saag Aloo,1,5.95,3.0,7.1,173.0,14.5,7.0,0.9,0.0,0.0,,1.818
500,2016-04-01,Spicy Papadum,1,0.8,3.0,7.1,173.0,14.5,7.0,0.9,0.0,0.0,,1.6
501,2016-04-01,Tandoori Chicken (Main),1,8.95,3.0,7.1,173.0,14.5,7.0,0.9,0.0,0.0,,1.075
502,2016-04-01,Tandoori Fish,2,5.95,3.0,7.1,173.0,14.5,7.0,0.9,0.0,0.0,,1.693
503,2016-04-01,Vegetable Biryani,1,9.95,3.0,7.1,173.0,14.5,7.0,0.9,0.0,0.0,,1.002
504,2016-04-01,Vindaloo,1,7.95,3.0,7.1,173.0,14.5,7.0,0.9,0.0,0.0,,1.149
505,2016-04-02,Bombay Aloo,1,5.95,6.0,7.6,180.0,15.5,11.2,8.0,3.2,0.0,,1.094
506,2016-04-02,Butter Chicken,2,9.95,6.0,7.6,180.0,15.5,11.2,8.0,3.2,0.0,,1.672
507,2016-04-02,Cauliflower Bhajee,2,5.95,6.0,7.6,180.0,15.5,11.2,8.0,3.2,0.0,,1.655
508,2016-04-02,Chana Masala,1,5.95,6.0,7.6,180.0,15.5,11.2,8.0,3.2,0.0,,1.04
509,2016-04-02,Chapati,1,1.95,6.0,7.6,180.0,15.5,11.2,8.0,3.2,0.0,,1.142
510,2016-04-02,Chicken Biryani,1,9.95,6.0,7.6,180.0,15.5,11.2,8.0,3.2,0.0,,1.117
511,2016-04-02,Chicken Chaat,2,4.95,6.0,7.6,180.0,15.5,11.2,8.0,3.2,0.0,,1.676
512,2016-04-02,Chicken Karahi,1,8.95,6.0,7.6,180.0,15.5,11.2,8.0,3.2,0.0,,1.049
513,2016-04-02,Chicken Shashlick,1,9.95,6.0,7.6,180.0,15.5,11.2,8.0,3.2,0.0,,1.36
514,2016-04-02,Chicken Tikka (Main),2,8.95,6.0,7.6,180.0,15.5,11.2,8.0,3.2,0.0,,1.168
515,2016-04-02,Chicken Tikka Balti,2,10.95,6.0,7.6,180.0,15.5,11.2,8.0,3.2,0.0,,1.647
516,2016-04-02,Chicken Tikka Chilli Masala,2,8.95,6.0,7.6,180.0,15.5,11.2,8.0,3.2,0.0,,1.623
517,2016-04-02,Chicken Tikka Masala,2,8.95,6.0,7.6,180.0,15.5,11.2,8.0,3.2,0.0,,2.211
518,2016-04-02,Coke 1.5 ltr,1,2.95,6.0,7.6,180.0,15.5,11.2,8.0,3.2,0.0,,1.139
519,2016-04-02,Diet Coke 1.5 ltr,1,2.95,6.0,7.6,180.0,15.5,11.2,8.0,3.2,0.0,,1.087
520,2016-04-02,Dupiaza,2,8.95,6.0,7.6,180.0,15.5,11.2,8.0,3.2,0.0,,1.647
521,2016-04-02,Garlic Naan,2,2.95,6.0,7.6,180.0,15.5,11.2,8.0,3.2,0.0,,1.569
522,2016-04-02,Keema Naan,4,2.95,6.0,7.6,180.0,15.5,11.2,8.0,3.2,0.0,,1.231
523,2016-04-02,Keema Rice,1,3.95,6.0,7.6,180.0,15.5,11.2,8.0,3.2,0.0,,1.112
524,2016-04-02,King Prawn Hari Mirch,1,12.95,6.0,7.6,180.0,15.5,11.2,8.0,3.2,0.0,,1.142
525,2016-04-02,Korma,6,8.95,6.0,7.6,180.0,15.5,11.2,8.0,3.2,0.0,,4.394
526,2016-04-02,Kulcha Naan,1,2.95,6.0,7.6,180.0,15.5,11.2,8.0,3.2,0.0,,1.132
527,2016-04-02,Lamb Balti,1,9.95,6.0,7.6,180.0,15.5,11.2,8.0,3.2,0.0,,1.163
528,2016-04-02,Lamb Tikka Masala,1,8.95,6.0,7.6,180.0,15.5,11.2,8.0,3.2,0.0,,1.416
529,2016-04-02,Lime Pickle,1,0.5,6.0,7.6,180.0,15.5,11.2,8.0,3.2,0.0,,1.178
530,2016-04-02,Meat Samosa,2,3.95,6.0,7.6,180.0,15.5,11.2,8.0,3.2,0.0,,1.905
531,2016-04-02,Mint Sauce,1,0.5,6.0,7.6,180.0,15.5,11.2,8.0,3.2,0.0,,1.119
532,2016-04-02,Mushroom Bhajee,1,5.95,6.0,7.6,180.0,15.5,11.2,8.0,3.2,0.0,,1.026
533,2016-04-02,Mushroom Rice,4,3.95,6.0,7.6,180.0,15.5,11.2,8.0,3.2,0.0,,2.937
534,2016-04-02,Onion Bhajee,2,3.95,6.0,7.6,180.0,15.5,11.2,8.0,3.2,0.0,,1.555
535,2016-04-02,Onion Chutney,3,0.5,6.0,7.6,180.0,15.5,11.2,8.0,3.2,0.0,,1.305
536,2016-04-02,Onion Rice,1,3.95,6.0,7.6,180.0,15.5,11.2,8.0,3.2,0.0,,1.105
537,2016-04-02,Paneer Tikka Masala,1,8.95,6.0,7.6,180.0,15.5,11.2,8.0,3.2,0.0,,1.11
538,2016-04-02,Paratha,1,2.95,6.0,7.6,180.0,15.5,11.2,8.0,3.2,0.0,,1.084
539,2016-04-02,Peshwari Naan,4,2.95,6.0,7.6,180.0,15.5,11.2,8.0,3.2,0.0,,3.033
540,2016-04-02,Pilau Rice,4,2.95,6.0,7.6,180.0,15.5,11.2,8.0,3.2,0.0,,3.73
541,2016-04-02,Plain Naan,2,2.6,6.0,7.6,180.0,15.5,11.2,8.0,3.2,0.0,,1.959
542,2016-04-02,Plain Papadum,10,0.8,6.0,7.6,180.0,15.5,11.2,8.0,3.2,0.0,,6.671
543,2016-04-02,Plain Rice,2,2.95,6.0,7.6,180.0,15.5,11.2,8.0,3.2,0.0,,1.232
544,2016-04-02,Red Sauce,1,0.5,6.0,7.6,180.0,15.5,11.2,8.0,3.2,0.0,,1.166
545,2016-04-02,Rogon,1,8.95,6.0,7.6,180.0,15.5,11.2,8.0,3.2,0.0,,1.077
546,2016-04-02,Saag Bhajee,1,5.95,6.0,7.6,180.0,15.5,11.2,8.0,3.2,0.0,,1.064
547,2016-04-02,Saag Paneer,1,5.95,6.0,7.6,180.0,15.5,11.2,8.0,3.2,0.0,,1.045
548,2016-04-02,Saag Rice,1,3.95,6.0,7.6,180.0,15.5,11.2,8.0,3.2,0.0,,1.106
549,2016-04-02,Sheek Kebab (Main),1,8.95,6.0,7.6,180.0,15.5,11.2,8.0,3.2,0.0,,1.086
550,2016-04-02,Special Fried Rice,1,3.95,6.0,7.6,180.0,15.5,11.2,8.0,3.2,0.0,,1.166
551,2016-04-02,Tandoori Chicken (Main),1,8.95,6.0,7.6,180.0,15.5,11.2,8.0,3.2,0.0,,1.097
552,2016-04-03,Baingan Hari Mirch,1,5.95,6.0,5.0,149.0,13.2,11.4,7.3,0.6,0.0,,1.011
553,2016-04-03,COBRA (660ML),2,5.95,6.0,5.0,149.0,13.2,11.4,7.3,0.6,0.0,,1.663
554,2016-04-03,Chapati,2,1.95,6.0,5.0,149.0,13.2,11.4,7.3,0.6,0.0,,1.338
555,2016-04-03,Chicken Tikka Biryani,1,10.95,6.0,5.0,149.0,13.2,11.4,7.3,0.6,0.0,,1.125
556,2016-04-03,Dhansak,1,8.95,6.0,5.0,149.0,13.2,11.4,7.3,0.6,0.0,,1.1
557,2016-04-03,Diet Coke 1.5 ltr,1,2.95,6.0,5.0,149.0,13.2,11.4,7.3,0.6,0.0,,1.325
558,2016-04-03,Garlic Naan,1,2.95,6.0,5.0,149.0,13.2,11.4,7.3,0.6,0.0,,1.368
559,2016-04-03,Garlic Rice,1,3.95,6.0,5.0,149.0,13.2,11.4,7.3,0.6,0.0,,1.032
560,2016-04-03,Keema Naan,2,2.95,6.0,5.0,149.0,13.2,11.4,7.3,0.6,0.0,,1.668
561,2016-04-03,King Prawn Puree,1,5.95,6.0,5.0,149.0,13.2,11.4,7.3,0.6,0.0,,1.009
562,2016-04-03,Korma,1,8.95,6.0,5.0,149.0,13.2,11.4,7.3,0.6,0.0,,1.18
563,2016-04-03,Lal Mirch Chicken,1,9.95,6.0,5.0,149.0,13.2,11.4,7.3,0.6,0.0,,1.001
564,2016-04-03,Lamb Biryani,1,9.95,6.0,5.0,149.0,13.2,11.4,7.3,0.6,0.0,,1.001
565,2016-04-03,Mushroom Rice,1,3.95,6.0,5.0,149.0,13.2,11.4,7.3,0.6,0.0,,1.14
566,2016-04-03,Pathia,1,8.95,6.0,5.0,149.0,13.2,11.4,7.3,0.6,0.0,,1.15
567,2016-04-03,Saag Rice,1,3.95,6.0,5.0,149.0,13.2,11.4,7.3,0.6,0.0,,1.027
568,2016-04-03,Tandoori Fish,1,5.95,6.0,5.0,149.0,13.2,11.4,7.3,0.6,0.0,,1.037
569,2016-04-05,Bombay Aloo,1,5.95,4.0,8.9,200.0,12.8,11.2,7.0,0.4,0.0,,1.175
570,2016-04-05,Chicken Tikka Masala,1,8.95,4.0,8.9,200.0,12.8,11.2,7.0,0.4,0.0,,1.406
571,2016-04-05,Garlic Naan,2,2.95,4.0,8.9,200.0,12.8,11.2,7.0,0.4,0.0,,1.738
572,2016-04-05,Garlic Rice,1,3.95,4.0,8.9,200.0,12.8,11.2,7.0,0.4,0.0,,1.171
573,2016-04-05,Madras,1,7.95,4.0,8.9,200.0,12.8,11.2,7.0,0.4,0.0,,1.198
574,2016-04-05,Pilau Rice,3,2.95,4.0,8.9,200.0,12.8,11.2,7.0,0.4,0.0,,3.055
575,2016-04-05,Plain Naan,2,2.6,4.0,8.9,200.0,12.8,11.2,7.0,0.4,0.0,,1.526
576,2016-04-05,Tandoori Mixed Grill,2,11.95,4.0,8.9,200.0,12.8,11.2,7.0,0.4,0.0,,1.729
577,2016-04-05,Vindaloo,2,7.95,4.0,8.9,200.0,12.8,11.2,7.0,0.4,0.0,,1.75
578,2016-04-06,Chapati,2,1.95,4.0,4.7,149.0,11.9,9.1,5.4,0.6,0.0,,1.12
579,2016-04-06,Chicken Pakora,2,5.95,4.0,4.7,149.0,11.9,9.1,5.4,0.6,0.0,,1.635
580,2016-04-06,Chicken Shashlick,1,9.95,4.0,4.7,149.0,11.9,9.1,5.4,0.6,0.0,,1.186
581,2016-04-06,Chicken Tikka Masala,1,8.95,4.0,4.7,149.0,11.9,9.1,5.4,0.6,0.0,,1.221
582,2016-04-06,Korma,1,8.95,4.0,4.7,149.0,11.9,9.1,5.4,0.6,0.0,,1.109
583,2016-04-06,Kulcha Naan,1,2.95,4.0,4.7,149.0,11.9,9.1,5.4,0.6,0.0,,1.063
584,2016-04-06,Meat Samosa,2,3.95,4.0,4.7,149.0,11.9,9.1,5.4,0.6,0.0,,1.485
585,2016-04-06,Mint Sauce,1,0.5,4.0,4.7,149.0,11.9,9.1,5.4,0.6,0.0,,1.099
586,2016-04-06,Mixed Starter,1,5.95,4.0,4.7,149.0,11.9,9.1,5.4,0.6,0.0,,1.183
587,2016-04-06,Mixed Vegetable Curry,1,5.95,4.0,4.7,149.0,11.9,9.1,5.4,0.6,0.0,,1.128
588,2016-04-06,Peshwari Naan,1,2.95,4.0,4.7,149.0,11.9,9.1,5.4,0.6,0.0,,1.184
589,2016-04-06,Pilau Rice,3,2.95,4.0,4.7,149.0,11.9,9.1,5.4,0.6,0.0,,2.395
590,2016-04-06,Plain Naan,1,2.6,4.0,4.7,149.0,11.9,9.1,5.4,0.6,0.0,,2.045
591,2016-04-06,Plain Papadum,1,0.8,4.0,4.7,149.0,11.9,9.1,5.4,0.6,0.0,,3.866
592,2016-04-06,Plain Rice,1,2.95,4.0,4.7,149.0,11.9,9.1,5.4,0.6,0.0,,1.183
593,2016-04-06,Vegetable Roll,2,4.95,4.0,4.7,149.0,11.9,9.1,5.4,0.6,0.0,,1.783
594,2016-04-07,Baingan Hari Mirch,1,5.95,6.0,1.5,99.0,14.1,8.1,4.3,6.6,0.0,,1.0
595,2016-04-07,Butter Chicken,1,9.95,6.0,1.5,99.0,14.1,8.1,4.3,6.6,0.0,,1.112
596,2016-04-07,Chapati,2,1.95,6.0,1.5,99.0,14.1,8.1,4.3,6.6,0.0,,1.383
597,2016-04-07,Chicken Haryali,1,9.95,6.0,1.5,99.0,14.1,8.1,4.3,6.6,0.0,,1.0
598,2016-04-07,Chicken Tikka,1,4.95,6.0,1.5,99.0,14.1,8.1,4.3,6.6,0.0,,1.102
599,2016-04-07,Dall Samba,1,5.95,6.0,1.5,99.0,14.1,8.1,4.3,6.6,0.0,,1.0
600,2016-04-07,Dhansak,1,9.95,6.0,1.5,99.0,14.1,8.1,4.3,6.6,0.0,,1.083
601,2016-04-07,Egg Paratha,2,3.95,6.0,1.5,99.0,14.1,8.1,4.3,6.6,0.0,,1.016
602,2016-04-07,Garlic Naan,2,2.95,6.0,1.5,99.0,14.1,8.1,4.3,6.6,0.0,,2.0
603,2016-04-07,House white wine 75cl,1,17.95,6.0,1.5,99.0,14.1,8.1,4.3,6.6,0.0,,1.0
604,2016-04-07,Lamb Biryani,1,9.95,6.0,1.5,99.0,14.1,8.1,4.3,6.6,0.0,,1.0
605,2016-04-07,Lemon Rice,1,3.95,6.0,1.5,99.0,14.1,8.1,4.3,6.6,0.0,,1.012
606,2016-04-07,Mint Sauce,1,0.5,6.0,1.5,99.0,14.1,8.1,4.3,6.6,0.0,,1.371
607,2016-04-07,Onion Naan,1,2.95,6.0,1.5,99.0,14.1,8.1,4.3,6.6,0.0,,1.109
608,2016-04-07,Paneer Tikka Masala,1,8.95,6.0,1.5,99.0,14.1,8.1,4.3,6.6,0.0,,1.109
609,2016-04-07,Peshwari Naan,2,2.95,6.0,1.5,99.0,14.1,8.1,4.3,6.6,0.0,,1.77
610,2016-04-07,Prawn Puree,1,4.95,6.0,1.5,99.0,14.1,8.1,4.3,6.6,0.0,,1.01
611,2016-04-07,Sheek Kebab,1,4.95,6.0,1.5,99.0,14.1,8.1,4.3,6.6,0.0,,1.0
612,2016-04-07,Stuffed Paratha,1,3.95,6.0,1.5,99.0,14.1,8.1,4.3,6.6,0.0,,1.011
613,2016-04-07,Tandoori Mixed Grill,1,11.95,6.0,1.5,99.0,14.1,8.1,4.3,6.6,0.0,,1.044
614,2016-04-07,Tarka Dall,1,5.95,6.0,1.5,99.0,14.1,8.1,4.3,6.6,0.0,,1.0
615,2016-04-08,Aloo Gobi,1,5.95,6.0,2.9,124.0,11.6,9.0,4.0,1.8,0.0,,1.019
616,2016-04-08,Butter Chicken,1,9.95,6.0,2.9,124.0,11.6,9.0,4.0,1.8,0.0,,1.047
617,2016-04-08,Cauliflower Bhajee,1,5.95,6.0,2.9,124.0,11.6,9.0,4.0,1.8,0.0,,1.039
618,2016-04-08,Chicken Achar,1,9.95,6.0,2.9,124.0,11.6,9.0,4.0,1.8,0.0,,1.0
619,2016-04-08,Chicken Balti,1,9.95,6.0,2.9,124.0,11.6,9.0,4.0,1.8,0.0,,1.0
620,2016-04-08,Chicken Biryani,2,9.95,6.0,2.9,124.0,11.6,9.0,4.0,1.8,0.0,,1.685
621,2016-04-08,Chicken Chaat,1,4.95,6.0,2.9,124.0,11.6,9.0,4.0,1.8,0.0,,1.062
622,2016-04-08,Chicken Haryali,1,9.95,6.0,2.9,124.0,11.6,9.0,4.0,1.8,0.0,,1.0
623,2016-04-08,Chicken Pakora,1,5.95,6.0,2.9,124.0,11.6,9.0,4.0,1.8,0.0,,1.078
624,2016-04-08,Chicken Rezala,1,9.95,6.0,2.9,124.0,11.6,9.0,4.0,1.8,0.0,,1.0
625,2016-04-08,Chicken Tikka Biryani,1,10.95,6.0,2.9,124.0,11.6,9.0,4.0,1.8,0.0,,1.134
626,2016-04-08,Chicken Tikka Garlic,1,8.95,6.0,2.9,124.0,11.6,9.0,4.0,1.8,0.0,,1.001
627,2016-04-08,Dupiaza,1,8.95,6.0,2.9,124.0,11.6,9.0,4.0,1.8,0.0,,1.053
628,2016-04-08,Garlic Naan,3,2.95,6.0,2.9,124.0,11.6,9.0,4.0,1.8,0.0,,2.561
629,2016-04-08,Garlic Rice,1,3.95,6.0,2.9,124.0,11.6,9.0,4.0,1.8,0.0,,1.053
630,2016-04-08,Korma,2,8.95,6.0,2.9,124.0,11.6,9.0,4.0,1.8,0.0,,1.748
631,2016-04-08,Onion Bhajee,1,3.95,6.0,2.9,124.0,11.6,9.0,4.0,1.8,0.0,,1.301
632,2016-04-08,Onion Rice,1,3.95,6.0,2.9,124.0,11.6,9.0,4.0,1.8,0.0,,1.051
633,2016-04-08,Peshwari Naan,3,2.95,6.0,2.9,124.0,11.6,9.0,4.0,1.8,0.0,,2.517
634,2016-04-08,Pilau Rice,2,2.95,6.0,2.9,124.0,11.6,9.0,4.0,1.8,0.0,,2.04
635,2016-04-08,Plain Naan,3,2.6,6.0,2.9,124.0,11.6,9.0,4.0,1.8,0.0,,2.701
636,2016-04-08,Plain Papadum,3,0.8,6.0,2.9,124.0,11.6,9.0,4.0,1.8,0.0,,4.003
637,2016-04-08,Plain Rice,3,2.95,6.0,2.9,124.0,11.6,9.0,4.0,1.8,0.0,,2.569
638,2016-04-08,Prawn Karahi,1,9.95,6.0,2.9,124.0,11.6,9.0,4.0,1.8,0.0,,1.0
639,2016-04-08,Saag Aloo,1,5.95,6.0,2.9,124.0,11.6,9.0,4.0,1.8,0.0,,1.176
640,2016-04-08,Saag Dall,1,5.95,6.0,2.9,124.0,11.6,9.0,4.0,1.8,0.0,,1.0
641,2016-04-08,Saag Paneer,1,5.95,6.0,2.9,124.0,11.6,9.0,4.0,1.8,0.0,,1.012
642,2016-04-08,Tandoori Roti,1,2.6,6.0,2.9,124.0,11.6,9.0,4.0,1.8,0.0,,1.446
643,2016-04-09,Bengal King Prawn,1,12.95,6.0,2.4,117.0,13.3,9.0,6.3,0.0,0.0,,1.001
644,2016-04-09,Bhuna,2,8.95,6.0,2.4,117.0,13.3,9.0,6.3,0.0,0.0,,1.166
645,2016-04-09,Brinjal Bhajee,1,5.95,6.0,2.4,117.0,13.3,9.0,6.3,0.0,0.0,,1.004
646,2016-04-09,Butter Chicken,1,9.95,6.0,2.4,117.0,13.3,9.0,6.3,0.0,0.0,,1.102
647,2016-04-09,Chana Masala,1,5.95,6.0,2.4,117.0,13.3,9.0,6.3,0.0,0.0,,1.005
648,2016-04-09,Chicken Biryani,1,9.95,6.0,2.4,117.0,13.3,9.0,6.3,0.0,0.0,,1.221
649,2016-04-09,Chicken Chaat,1,4.95,6.0,2.4,117.0,13.3,9.0,6.3,0.0,0.0,,1.112
650,2016-04-09,Chicken Shashlick,1,9.95,6.0,2.4,117.0,13.3,9.0,6.3,0.0,0.0,,1.177
651,2016-04-09,Chicken Tikka,2,4.95,6.0,2.4,117.0,13.3,9.0,6.3,0.0,0.0,,1.682
652,2016-04-09,Chicken Tikka Jalfrezi,1,8.95,6.0,2.4,117.0,13.3,9.0,6.3,0.0,0.0,,1.0
653,2016-04-09,Chicken Tikka Karahi,1,9.95,6.0,2.4,117.0,13.3,9.0,6.3,0.0,0.0,,1.0
654,2016-04-09,Chicken Tikka Masala,6,8.95,6.0,2.4,117.0,13.3,9.0,6.3,0.0,0.0,,4.428
655,2016-04-09,Chicken Tikka Pasanda,1,8.95,6.0,2.4,117.0,13.3,9.0,6.3,0.0,0.0,,1.0
656,2016-04-09,Chicken Tikka Sizzler,1,9.95,6.0,2.4,117.0,13.3,9.0,6.3,0.0,0.0,,1.0
657,2016-04-09,Dhansak,1,8.95,6.0,2.4,117.0,13.3,9.0,6.3,0.0,0.0,,1.083
658,2016-04-09,Garlic Naan,2,2.95,6.0,2.4,117.0,13.3,9.0,6.3,0.0,0.0,,2.133
659,2016-04-09,Hazary Lamb,1,12.95,6.0,2.4,117.0,13.3,9.0,6.3,0.0,0.0,,1.001
660,2016-04-09,Keema Naan,2,2.95,6.0,2.4,117.0,13.3,9.0,6.3,0.0,0.0,,2.068
661,2016-04-09,King Prawn Puree,1,5.95,6.0,2.4,117.0,13.3,9.0,6.3,0.0,0.0,,1.002
662,2016-04-09,Korma,1,8.95,6.0,2.4,117.0,13.3,9.0,6.3,0.0,0.0,,1.372
663,2016-04-09,Lamb Tikka,1,4.95,6.0,2.4,117.0,13.3,9.0,6.3,0.0,0.0,,1.042
664,2016-04-09,Lamb Tikka Masala,1,8.95,6.0,2.4,117.0,13.3,9.0,6.3,0.0,0.0,,1.462
665,2016-04-09,Lamb Tikka Pasanda,1,8.95,6.0,2.4,117.0,13.3,9.0,6.3,0.0,0.0,,1.0
666,2016-04-09,Madras,1,7.95,6.0,2.4,117.0,13.3,9.0,6.3,0.0,0.0,,1.094
667,2016-04-09,Meat Samosa,3,3.95,6.0,2.4,117.0,13.3,9.0,6.3,0.0,0.0,,2.443
668,2016-04-09,Mint Sauce,2,0.5,6.0,2.4,117.0,13.3,9.0,6.3,0.0,0.0,,2.415
669,2016-04-09,Mixed Starter,1,5.95,6.0,2.4,117.0,13.3,9.0,6.3,0.0,0.0,,1.06
670,2016-04-09,Mushroom Bhajee,1,5.95,6.0,2.4,117.0,13.3,9.0,6.3,0.0,0.0,,1.005
671,2016-04-09,Mushroom Rice,2,3.95,6.0,2.4,117.0,13.3,9.0,6.3,0.0,0.0,,1.753
672,2016-04-09,Muttar Paneer,1,5.95,6.0,2.4,117.0,13.3,9.0,6.3,0.0,0.0,,1.004
673,2016-04-09,Onion Bhajee,2,3.95,6.0,2.4,117.0,13.3,9.0,6.3,0.0,0.0,,1.887
674,2016-04-09,Onion Chutney,3,0.5,6.0,2.4,117.0,13.3,9.0,6.3,0.0,0.0,,2.603
675,2016-04-09,Paneer Shaslick,1,9.95,6.0,2.4,117.0,13.3,9.0,6.3,0.0,0.0,,1.0
676,2016-04-09,Peshwari Naan,1,2.95,6.0,2.4,117.0,13.3,9.0,6.3,0.0,0.0,,1.494
677,2016-04-09,Pilau Rice,5,2.95,6.0,2.4,117.0,13.3,9.0,6.3,0.0,0.0,,2.371
678,2016-04-09,Plain Naan,5,2.6,6.0,2.4,117.0,13.3,9.0,6.3,0.0,0.0,,2.255
679,2016-04-09,Plain Papadum,11,0.8,6.0,2.4,117.0,13.3,9.0,6.3,0.0,0.0,,5.177
680,2016-04-09,Plain Rice,3,2.95,6.0,2.4,117.0,13.3,9.0,6.3,0.0,0.0,,2.523
681,2016-04-09,Prawn Puree,1,4.95,6.0,2.4,117.0,13.3,9.0,6.3,0.0,0.0,,1.047
682,2016-04-09,Rogon,1,8.95,6.0,2.4,117.0,13.3,9.0,6.3,0.0,0.0,,1.02
683,2016-04-09,Saag Aloo,3,5.95,6.0,2.4,117.0,13.3,9.0,6.3,0.0,0.0,,2.313
684,2016-04-09,Saag Bhajee,2,5.95,6.0,2.4,117.0,13.3,9.0,6.3,0.0,0.0,,1.648
685,2016-04-09,Sheek Kebab,1,4.95,6.0,2.4,117.0,13.3,9.0,6.3,0.0,0.0,,1.046
686,2016-04-09,Spicy Papadum,2,0.8,6.0,2.4,117.0,13.3,9.0,6.3,0.0,0.0,,2.047
687,2016-04-09,Tandoori Fish,1,5.95,6.0,2.4,117.0,13.3,9.0,6.3,0.0,0.0,,1.037
688,2016-04-09,Tarka Dall,1,5.95,6.0,2.4,117.0,13.3,9.0,6.3,0.0,0.0,,1.003
689,2016-04-09,Vegetable Rice,1,3.95,6.0,2.4,117.0,13.3,9.0,6.3,0.0,0.0,,1.657
690,2016-04-10,Chana Masala,1,5.95,3.0,9.4,214.0,14.3,7.0,0.7,1.2,0.0,,1.086
691,2016-04-10,Chicken Tikka (Main),1,8.95,3.0,9.4,214.0,14.3,7.0,0.7,1.2,0.0,,1.144
692,2016-04-10,Garlic Naan,1,2.95,3.0,9.4,214.0,14.3,7.0,0.7,1.2,0.0,,1.512
693,2016-04-10,Garlic Rice,1,3.95,3.0,9.4,214.0,14.3,7.0,0.7,1.2,0.0,,1.063
694,2016-04-10,Mint Sauce,1,0.5,3.0,9.4,214.0,14.3,7.0,0.7,1.2,0.0,,1.17
695,2016-04-10,Mushroom Rice,1,3.95,3.0,9.4,214.0,14.3,7.0,0.7,1.2,0.0,,1.24
696,2016-04-10,Onion Chutney,1,0.5,3.0,9.4,214.0,14.3,7.0,0.7,1.2,0.0,,1.284
697,2016-04-10,Pathia,1,8.95,3.0,9.4,214.0,14.3,7.0,0.7,1.2,0.0,,1.345
698,2016-04-10,Peshwari Naan,1,2.95,3.0,9.4,214.0,14.3,7.0,0.7,1.2,0.0,,1.188
699,2016-04-10,Plain Papadum,1,0.8,3.0,9.4,214.0,14.3,7.0,0.7,1.2,0.0,,2.96
700,2016-04-10,Red Sauce,1,0.5,3.0,9.4,214.0,14.3,7.0,0.7,1.2,0.0,,1.137
701,2016-04-10,Spicy Papadum,3,0.8,3.0,9.4,214.0,14.3,7.0,0.7,1.2,0.0,,2.288
702,2016-04-10,Tandoori Roti,1,2.6,3.0,9.4,214.0,14.3,7.0,0.7,1.2,0.0,,1.094
703,2016-04-10,Vegetable Roll,1,4.95,3.0,9.4,214.0,14.3,7.0,0.7,1.2,0.0,,1.289
704,2016-04-10,Vindaloo,2,7.95,3.0,9.4,214.0,14.3,7.0,0.7,1.2,0.0,,1.64
705,2016-04-12,Chicken Biryani,2,9.95,5.0,7.6,195.0,18.6,12.2,7.1,0.0,0.0,,1.628
706,2016-04-12,Chicken Karahi,1,8.95,5.0,7.6,195.0,18.6,12.2,7.1,0.0,0.0,,1.014
707,2016-04-12,Chicken Tikka Masala,1,8.95,5.0,7.6,195.0,18.6,12.2,7.1,0.0,0.0,,1.499
708,2016-04-12,Chicken Tikka Pasanda,1,8.95,5.0,7.6,195.0,18.6,12.2,7.1,0.0,0.0,,1.02
709,2016-04-12,Garlic Naan,3,2.95,5.0,7.6,195.0,18.6,12.2,7.1,0.0,0.0,,2.495
710,2016-04-12,King Prawn Butterfly,1,5.95,5.0,7.6,195.0,18.6,12.2,7.1,0.0,0.0,,1.005
711,2016-04-12,Korma,2,8.95,5.0,7.6,195.0,18.6,12.2,7.1,0.0,0.0,,2.109
712,2016-04-12,Lime Pickle,1,0.5,5.0,7.6,195.0,18.6,12.2,7.1,0.0,0.0,,1.16
713,2016-04-12,Mango Chutney,1,0.5,5.0,7.6,195.0,18.6,12.2,7.1,0.0,0.0,,1.135
714,2016-04-12,Mint Sauce,3,0.5,5.0,7.6,195.0,18.6,12.2,7.1,0.0,0.0,,1.18
715,2016-04-12,Mushroom Rice,1,3.95,5.0,7.6,195.0,18.6,12.2,7.1,0.0,0.0,,1.213
716,2016-04-12,Onion Bhajee,1,3.95,5.0,7.6,195.0,18.6,12.2,7.1,0.0,0.0,,1.603
717,2016-04-12,Pathia,2,8.95,5.0,7.6,195.0,18.6,12.2,7.1,0.0,0.0,,1.639
718,2016-04-12,Peshwari Naan,2,2.95,5.0,7.6,195.0,18.6,12.2,7.1,0.0,0.0,,1.894
719,2016-04-12,Pilau Rice,4,2.95,5.0,7.6,195.0,18.6,12.2,7.1,0.0,0.0,,3.635
720,2016-04-12,Plain Naan,1,2.6,5.0,7.6,195.0,18.6,12.2,7.1,0.0,0.0,,1.277
721,2016-04-12,Plain Papadum,4,0.8,5.0,7.6,195.0,18.6,12.2,7.1,0.0,0.0,,6.155
722,2016-04-12,Prawn Biryani,1,10.95,5.0,7.6,195.0,18.6,12.2,7.1,0.0,0.0,,1.028
723,2016-04-12,Rogon,1,8.95,5.0,7.6,195.0,18.6,12.2,7.1,0.0,0.0,,1.07
724,2016-04-12,Spicy Papadum,1,0.8,5.0,7.6,195.0,18.6,12.2,7.1,0.0,0.0,,1.145
725,2016-04-12,Tandoori Chicken Masala,1,8.95,5.0,7.6,195.0,18.6,12.2,7.1,0.0,0.0,,1.013
726,2016-04-12,Tandoori Fish,1,5.95,5.0,7.6,195.0,18.6,12.2,7.1,0.0,0.0,,1.104
727,2016-04-12,Tandoori King Prawn Masala,1,12.95,5.0,7.6,195.0,18.6,12.2,7.1,0.0,0.0,,1.028
728,2016-04-12,Tarka Dall,1,5.95,5.0,7.6,195.0,18.6,12.2,7.1,0.0,0.0,,1.001
729,2016-04-12,Vegetable Roll,1,4.95,5.0,7.6,195.0,18.6,12.2,7.1,0.0,0.0,,1.345
730,2016-04-13,Bhuna,1,8.95,3.0,7.9,201.0,16.9,11.2,3.8,0.4,0.0,,1.101
731,2016-04-13,Chicken Shashlick,2,9.95,3.0,7.9,201.0,16.9,11.2,3.8,0.4,0.0,,1.613
732,2016-04-13,Chicken Tikka Jalfrezi,1,8.95,3.0,7.9,201.0,16.9,11.2,3.8,0.4,0.0,,1.034
733,2016-04-13,Chicken Tikka Masala,1,8.95,3.0,7.9,201.0,16.9,11.2,3.8,0.4,0.0,,1.133
734,2016-04-13,Curry,1,7.95,3.0,7.9,201.0,16.9,11.2,3.8,0.4,0.0,,1.209
735,2016-04-13,French Fries,1,3.95,3.0,7.9,201.0,16.9,11.2,3.8,0.4,0.0,,1.014
736,2016-04-13,Garlic Naan,1,2.95,3.0,7.9,201.0,16.9,11.2,3.8,0.4,0.0,,1.39
737,2016-04-13,Hazary Lamb,1,12.95,3.0,7.9,201.0,16.9,11.2,3.8,0.4,0.0,,1.103
738,2016-04-13,Keema Naan,1,2.95,3.0,7.9,201.0,16.9,11.2,3.8,0.4,0.0,,1.062
739,2016-04-13,Mango Chutney,1,0.5,3.0,7.9,201.0,16.9,11.2,3.8,0.4,0.0,,1.015
740,2016-04-13,Mushroom Rice,1,3.95,3.0,7.9,201.0,16.9,11.2,3.8,0.4,0.0,,1.267
741,2016-04-13,Onion Rice,1,3.95,3.0,7.9,201.0,16.9,11.2,3.8,0.4,0.0,,1.015
742,2016-04-13,Pilau Rice,1,2.95,3.0,7.9,201.0,16.9,11.2,3.8,0.4,0.0,,1.836
743,2016-04-13,Plain Naan,1,2.6,3.0,7.9,201.0,16.9,11.2,3.8,0.4,0.0,,1.304
744,2016-04-13,Plain Papadum,10,0.8,3.0,7.9,201.0,16.9,11.2,3.8,0.4,0.0,,8.82
745,2016-04-13,Plain Rice,1,2.95,3.0,7.9,201.0,16.9,11.2,3.8,0.4,0.0,,1.062
746,2016-04-13,Raitha,1,2.95,3.0,7.9,201.0,16.9,11.2,3.8,0.4,0.0,,1.061
747,2016-04-13,Saag Aloo,1,5.95,3.0,7.9,201.0,16.9,11.2,3.8,0.4,0.0,,1.298
748,2016-04-14,Bengal Salad,1,3.95,6.0,5.3,167.0,13.4,12.4,7.8,2.8,0.0,,1.043
749,2016-04-14,Butter Chicken,2,9.95,6.0,5.3,167.0,13.4,12.4,7.8,2.8,0.0,,1.205
750,2016-04-14,Chicken Biryani,1,9.95,6.0,5.3,167.0,13.4,12.4,7.8,2.8,0.0,,1.11
751,2016-04-14,Chicken Chaat,1,4.95,6.0,5.3,167.0,13.4,12.4,7.8,2.8,0.0,,1.083
752,2016-04-14,Chicken Sylhet,1,9.95,6.0,5.3,167.0,13.4,12.4,7.8,2.8,0.0,,1.004
753,2016-04-14,Chicken Tikka,1,4.95,6.0,5.3,167.0,13.4,12.4,7.8,2.8,0.0,,1.314
754,2016-04-14,Chicken Tikka Chilli Masala,1,8.95,6.0,5.3,167.0,13.4,12.4,7.8,2.8,0.0,,1.065
755,2016-04-14,Chicken Tikka Garlic,1,8.95,6.0,5.3,167.0,13.4,12.4,7.8,2.8,0.0,,1.003
756,2016-04-14,Chicken Tikka Jalfrezi,1,8.95,6.0,5.3,167.0,13.4,12.4,7.8,2.8,0.0,,1.001
757,2016-04-14,Chicken Tikka Jeera,1,8.95,6.0,5.3,167.0,13.4,12.4,7.8,2.8,0.0,,1.002
758,2016-04-14,Chicken Tikka Masala,3,8.95,6.0,5.3,167.0,13.4,12.4,7.8,2.8,0.0,,2.679
759,2016-04-14,Chicken Tikka Pasanda,1,8.95,6.0,5.3,167.0,13.4,12.4,7.8,2.8,0.0,,1.003
760,2016-04-14,Curry,2,7.95,6.0,5.3,167.0,13.4,12.4,7.8,2.8,0.0,,1.643
761,2016-04-14,Dhansak Sauce,1,3.95,6.0,5.3,167.0,13.4,12.4,7.8,2.8,0.0,,1.0
762,2016-04-14,Garlic Naan,1,2.95,6.0,5.3,167.0,13.4,12.4,7.8,2.8,0.0,,1.241
763,2016-04-14,Green Salad,1,2.95,6.0,5.3,167.0,13.4,12.4,7.8,2.8,0.0,,1.005
764,2016-04-14,Korma Sauce,1,3.95,6.0,5.3,167.0,13.4,12.4,7.8,2.8,0.0,,1.0
765,2016-04-14,Lamb Biryani,1,9.95,6.0,5.3,167.0,13.4,12.4,7.8,2.8,0.0,,1.002
766,2016-04-14,Lamb Karahi,2,8.95,6.0,5.3,167.0,13.4,12.4,7.8,2.8,0.0,,1.628
767,2016-04-14,Lamb Sylhet,1,9.95,6.0,5.3,167.0,13.4,12.4,7.8,2.8,0.0,,1.004
768,2016-04-14,Lamb Tikka,1,4.95,6.0,5.3,167.0,13.4,12.4,7.8,2.8,0.0,,1.005
769,2016-04-14,Lamb Tikka Garlic,1,8.95,6.0,5.3,167.0,13.4,12.4,7.8,2.8,0.0,,1.001
770,2016-04-14,Lamb Tikka Masala,2,8.95,6.0,5.3,167.0,13.4,12.4,7.8,2.8,0.0,,1.631
771,2016-04-14,Lamb Tikka Pasanda,1,8.95,6.0,5.3,167.0,13.4,12.4,7.8,2.8,0.0,,1.002
772,2016-04-14,Lime Pickle,1,0.5,6.0,5.3,167.0,13.4,12.4,7.8,2.8,0.0,,1.068
773,2016-04-14,Madras,1,7.95,6.0,5.3,167.0,13.4,12.4,7.8,2.8,0.0,,1.228
774,2016-04-14,Mango Chutney,1,0.5,6.0,5.3,167.0,13.4,12.4,7.8,2.8,0.0,,1.024
775,2016-04-14,Masala Sauce,1,3.95,6.0,5.3,167.0,13.4,12.4,7.8,2.8,0.0,,1.0
776,2016-04-14,Onion Bhajee,1,3.95,6.0,5.3,167.0,13.4,12.4,7.8,2.8,0.0,,1.248
777,2016-04-14,Paneer Tikka Masala,2,8.95,6.0,5.3,167.0,13.4,12.4,7.8,2.8,0.0,,1.629
778,2016-04-14,Pilau Rice,2,2.95,6.0,5.3,167.0,13.4,12.4,7.8,2.8,0.0,,2.657
779,2016-04-14,Plain Papadum,1,0.8,6.0,5.3,167.0,13.4,12.4,7.8,2.8,0.0,,3.631
780,2016-04-14,Plain Rice,1,2.95,6.0,5.3,167.0,13.4,12.4,7.8,2.8,0.0,,1.161
781,2016-04-14,Puree,1,1.95,6.0,5.3,167.0,13.4,12.4,7.8,2.8,0.0,,1.006
782,2016-04-14,Saag Rice,1,3.95,6.0,5.3,167.0,13.4,12.4,7.8,2.8,0.0,,1.0
783,2016-04-14,Tandoori Chicken (1/4),1,4.95,6.0,5.3,167.0,13.4,12.4,7.8,2.8,0.0,,1.026
784,2016-04-14,Tandoori Chicken Masala,1,8.95,6.0,5.3,167.0,13.4,12.4,7.8,2.8,0.0,,1.003
785,2016-04-15,Aloo Gobi,1,5.95,8.0,0.5,82.0,9.5,11.1,8.8,16.4,0.0,,1.005
786,2016-04-15,Bombay Aloo,1,5.95,8.0,0.5,82.0,9.5,11.1,8.8,16.4,0.0,,1.443
787,2016-04-15,COBRA (660ML),1,5.95,8.0,0.5,82.0,9.5,11.1,8.8,16.4,0.0,,1.388
788,2016-04-15,Cauliflower Bhajee,1,5.95,8.0,0.5,82.0,9.5,11.1,8.8,16.4,0.0,,1.016
789,2016-04-15,Chana Masala,1,5.95,8.0,0.5,82.0,9.5,11.1,8.8,16.4,0.0,,1.0
790,2016-04-15,Chapati,3,1.95,8.0,0.5,82.0,9.5,11.1,8.8,16.4,0.0,,2.417
791,2016-04-15,Chicken Biryani,1,9.95,8.0,0.5,82.0,9.5,11.1,8.8,16.4,0.0,,1.216
792,2016-04-15,Chicken Tikka,1,4.95,8.0,0.5,82.0,9.5,11.1,8.8,16.4,0.0,,1.041
793,2016-04-15,Chicken Tikka (Main),2,8.95,8.0,0.5,82.0,9.5,11.1,8.8,16.4,0.0,,1.694
794,2016-04-15,Korma,1,8.95,8.0,0.5,82.0,9.5,11.1,8.8,16.4,0.0,,1.717
795,2016-04-15,Kulcha Naan,2,2.95,8.0,0.5,82.0,9.5,11.1,8.8,16.4,0.0,,1.862
796,2016-04-15,Lamb Hari Mirch,1,9.95,8.0,0.5,82.0,9.5,11.1,8.8,16.4,0.0,,1.021
797,2016-04-15,Madras,2,7.95,8.0,0.5,82.0,9.5,11.1,8.8,16.4,0.0,,1.783
798,2016-04-15,Muttar Paneer,1,5.95,8.0,0.5,82.0,9.5,11.1,8.8,16.4,0.0,,1.0
799,2016-04-15,Paratha,1,2.95,8.0,0.5,82.0,9.5,11.1,8.8,16.4,0.0,,1.613
800,2016-04-15,Pilau Rice,1,2.95,8.0,0.5,82.0,9.5,11.1,8.8,16.4,0.0,,4.058
801,2016-04-15,Plain Naan,3,2.6,8.0,0.5,82.0,9.5,11.1,8.8,16.4,0.0,,2.917
802,2016-04-15,Plain Papadum,2,0.8,8.0,0.5,82.0,9.5,11.1,8.8,16.4,0.0,,9.971
803,2016-04-15,Plain Rice,2,2.95,8.0,0.5,82.0,9.5,11.1,8.8,16.4,0.0,,1.992
804,2016-04-15,Royal Paneer,1,5.95,8.0,0.5,82.0,9.5,11.1,8.8,16.4,0.0,,1.019
805,2016-04-15,Saag Aloo,1,5.95,8.0,0.5,82.0,9.5,11.1,8.8,16.4,0.0,,1.168
806,2016-04-15,Saag Bhajee,1,5.95,8.0,0.5,82.0,9.5,11.1,8.8,16.4,0.0,,1.041
807,2016-04-15,Still Water (750ml),1,3.95,8.0,0.5,82.0,9.5,11.1,8.8,16.4,0.0,,1.05
808,2016-04-15,Tandoori Roti,1,2.6,8.0,0.5,82.0,9.5,11.1,8.8,16.4,0.0,,1.368
809,2016-04-15,Vegetable Rice,1,3.95,8.0,0.5,82.0,9.5,11.1,8.8,16.4,0.0,,1.137
810,2016-04-15,Vindaloo,1,7.95,8.0,0.5,82.0,9.5,11.1,8.8,16.4,0.0,,1.147
811,2016-04-16,Bombay Aloo,3,5.95,6.0,1.4,104.0,12.0,7.1,4.7,0.2,0.0,,1.334
812,2016-04-16,Chicken Hari Mirch,1,9.95,6.0,1.4,104.0,12.0,7.1,4.7,0.2,0.0,,1.006
813,2016-04-16,Chicken Shashlick Curry,1,12.95,6.0,1.4,104.0,12.0,7.1,4.7,0.2,0.0,,1.162
814,2016-04-16,Chicken Tikka Balti,1,10.95,6.0,1.4,104.0,12.0,7.1,4.7,0.2,0.0,,1.01
815,2016-04-16,Chicken Tikka Masala,4,8.95,6.0,1.4,104.0,12.0,7.1,4.7,0.2,0.0,,3.203
816,2016-04-16,Diet Coke 1.5 ltr,1,2.95,6.0,1.4,104.0,12.0,7.1,4.7,0.2,0.0,,1.239
817,2016-04-16,Keema Naan,2,2.95,6.0,1.4,104.0,12.0,7.1,4.7,0.2,0.0,,2.013
818,2016-04-16,Keema Rice,1,3.95,6.0,1.4,104.0,12.0,7.1,4.7,0.2,0.0,,1.06
819,2016-04-16,Korma,2,8.95,6.0,1.4,104.0,12.0,7.1,4.7,0.2,0.0,,1.969
820,2016-04-16,Lamb Rezala,1,9.95,6.0,1.4,104.0,12.0,7.1,4.7,0.2,0.0,,1.006
821,2016-04-16,Mango Chutney,2,0.5,6.0,1.4,104.0,12.0,7.1,4.7,0.2,0.0,,1.994
822,2016-04-16,Masala Sauce,2,3.95,6.0,1.4,104.0,12.0,7.1,4.7,0.2,0.0,,1.023
823,2016-04-16,Meat Samosa,2,3.95,6.0,1.4,104.0,12.0,7.1,4.7,0.2,0.0,,1.695
824,2016-04-16,Mint Sauce,3,0.5,6.0,1.4,104.0,12.0,7.1,4.7,0.2,0.0,,2.176
825,2016-04-16,Mushroom Rice,1,3.95,6.0,1.4,104.0,12.0,7.1,4.7,0.2,0.0,,1.054
826,2016-04-16,Onion Bhajee,3,3.95,6.0,1.4,104.0,12.0,7.1,4.7,0.2,0.0,,1.502
827,2016-04-16,Onion Chutney,3,0.5,6.0,1.4,104.0,12.0,7.1,4.7,0.2,0.0,,2.1
828,2016-04-16,Onion Naan,1,2.95,6.0,1.4,104.0,12.0,7.1,4.7,0.2,0.0,,1.143
829,2016-04-16,Paneer Tikka Sizzler,1,9.95,6.0,1.4,104.0,12.0,7.1,4.7,0.2,0.0,,1.006
830,2016-04-16,Paratha,1,2.95,6.0,1.4,104.0,12.0,7.1,4.7,0.2,0.0,,1.142
831,2016-04-16,Pilau Rice,3,2.95,6.0,1.4,104.0,12.0,7.1,4.7,0.2,0.0,,2.801
832,2016-04-16,Plain Naan,5,2.6,6.0,1.4,104.0,12.0,7.1,4.7,0.2,0.0,,3.881
833,2016-04-16,Plain Papadum,12,0.8,6.0,1.4,104.0,12.0,7.1,4.7,0.2,0.0,,10.079
834,2016-04-16,Plain Rice,2,2.95,6.0,1.4,104.0,12.0,7.1,4.7,0.2,0.0,,1.855
835,2016-04-16,Saag,1,8.95,6.0,1.4,104.0,12.0,7.1,4.7,0.2,0.0,,1.104
836,2016-04-16,Sheek Kebab,1,4.95,6.0,1.4,104.0,12.0,7.1,4.7,0.2,0.0,,1.007
837,2016-04-16,Special Fried Rice,3,3.95,6.0,1.4,104.0,12.0,7.1,4.7,0.2,0.0,,1.552
838,2016-04-16,Tandoori Chicken Masala,1,8.95,6.0,1.4,104.0,12.0,7.1,4.7,0.2,0.0,,1.009
839,2016-04-16,Tandoori Mixed Grill,1,11.95,6.0,1.4,104.0,12.0,7.1,4.7,0.2,0.0,,1.036
840,2016-04-17,COBRA (330ML),2,3.95,2.0,9.4,225.0,13.0,6.2,0.3,0.0,0.0,,1.689
841,2016-04-17,Chicken Tikka Chilli Masala,1,8.95,2.0,9.4,225.0,13.0,6.2,0.3,0.0,0.0,,1.091
842,2016-04-17,Garlic Naan,1,2.95,2.0,9.4,225.0,13.0,6.2,0.3,0.0,0.0,,1.482
843,2016-04-17,King Prawn Shaslick,1,12.95,2.0,9.4,225.0,13.0,6.2,0.3,0.0,0.0,,1.011
844,2016-04-17,Korma,1,8.95,2.0,9.4,225.0,13.0,6.2,0.3,0.0,0.0,,1.706
845,2016-04-17,Madras,1,7.95,2.0,9.4,225.0,13.0,6.2,0.3,0.0,0.0,,1.835
846,2016-04-17,Mushroom Rice,1,3.95,2.0,9.4,225.0,13.0,6.2,0.3,0.0,0.0,,1.166
847,2016-04-17,Paneer Tikka Balti,1,10.95,2.0,9.4,225.0,13.0,6.2,0.3,0.0,0.0,,1.006
848,2016-04-17,Pilau Rice,2,2.95,2.0,9.4,225.0,13.0,6.2,0.3,0.0,0.0,,2.378
849,2016-04-17,Plain Rice,1,2.95,2.0,9.4,225.0,13.0,6.2,0.3,0.0,0.0,,1.362
850,2016-04-17,Spicy Papadum,2,0.8,2.0,9.4,225.0,13.0,6.2,0.3,0.0,0.0,,1.989
851,2016-04-17,Vegetable Balti,1,9.95,2.0,9.4,225.0,13.0,6.2,0.3,0.0,0.0,,1.004
852,2016-04-18,Aloo Chaat,1,4.95,6.0,3.7,147.0,15.9,8.0,3.0,0.0,0.0,,1.097
853,2016-04-18,Chana Masala,1,5.95,6.0,3.7,147.0,15.9,8.0,3.0,0.0,0.0,,1.023
854,2016-04-18,Chicken Hari Mirch,1,9.95,6.0,3.7,147.0,15.9,8.0,3.0,0.0,0.0,,1.018
855,2016-04-18,Meat Samosa,3,3.95,6.0,3.7,147.0,15.9,8.0,3.0,0.0,0.0,,2.57
856,2016-04-18,Mint Sauce,2,0.5,6.0,3.7,147.0,15.9,8.0,3.0,0.0,0.0,,1.955
857,2016-04-18,Onion Bhajee,3,3.95,6.0,3.7,147.0,15.9,8.0,3.0,0.0,0.0,,2.394
858,2016-04-18,Peshwari Naan,1,2.95,6.0,3.7,147.0,15.9,8.0,3.0,0.0,0.0,,1.262
859,2016-04-18,Plain Papadum,3,0.8,6.0,3.7,147.0,15.9,8.0,3.0,0.0,0.0,,6.09
860,2016-04-18,Plain Rice,1,2.95,6.0,3.7,147.0,15.9,8.0,3.0,0.0,0.0,,1.297
861,2016-04-18,Red Sauce,2,0.5,6.0,3.7,147.0,15.9,8.0,3.0,0.0,0.0,,1.916
862,2016-04-18,Spicy Papadum,2,0.8,6.0,3.7,147.0,15.9,8.0,3.0,0.0,0.0,,1.828
863,2016-04-18,Vegetable Roll,1,4.95,6.0,3.7,147.0,15.9,8.0,3.0,0.0,0.0,,1.141
864,2016-04-18,Vindaloo,1,7.95,6.0,3.7,147.0,15.9,8.0,3.0,0.0,0.0,,1.062
865,2016-04-20,Bengal Fry Fish,1,12.95,0.0,13.0,272.0,17.0,9.6,4.5,0.0,0.0,,1.004
866,2016-04-20,Brinjal Bhajee,1,5.95,0.0,13.0,272.0,17.0,9.6,4.5,0.0,0.0,,1.012
867,2016-04-20,Butter Chicken,3,9.95,0.0,13.0,272.0,17.0,9.6,4.5,0.0,0.0,,1.132
868,2016-04-20,Chicken Haryali,1,9.95,0.0,13.0,272.0,17.0,9.6,4.5,0.0,0.0,,1.001
869,2016-04-20,Chicken Tikka Biryani,1,10.95,0.0,13.0,272.0,17.0,9.6,4.5,0.0,0.0,,1.094
870,2016-04-20,Chicken Tikka Karahi,1,9.95,0.0,13.0,272.0,17.0,9.6,4.5,0.0,0.0,,1.001
871,2016-04-20,Curry,1,7.95,0.0,13.0,272.0,17.0,9.6,4.5,0.0,0.0,,1.066
872,2016-04-20,Dall Samba,1,5.95,0.0,13.0,272.0,17.0,9.6,4.5,0.0,0.0,,1.009
873,2016-04-20,Dhansak,2,8.95,0.0,13.0,272.0,17.0,9.6,4.5,0.0,0.0,,1.704
874,2016-04-20,French Fries,1,3.95,0.0,13.0,272.0,17.0,9.6,4.5,0.0,0.0,,1.048
875,2016-04-20,Garlic Naan,7,2.95,0.0,13.0,272.0,17.0,9.6,4.5,0.0,0.0,,5.003
876,2016-04-20,Garlic Rice,1,3.95,0.0,13.0,272.0,17.0,9.6,4.5,0.0,0.0,,1.052
877,2016-04-20,Hazary Lamb,1,12.95,0.0,13.0,272.0,17.0,9.6,4.5,0.0,0.0,,1.004
878,2016-04-20,Korma,2,8.95,0.0,13.0,272.0,17.0,9.6,4.5,0.0,0.0,,2.043
879,2016-04-20,Lamb Biryani,1,9.95,0.0,13.0,272.0,17.0,9.6,4.5,0.0,0.0,,1.001
880,2016-04-20,Lamb Rezala,1,9.95,0.0,13.0,272.0,17.0,9.6,4.5,0.0,0.0,,1.001
881,2016-04-20,Lamb Tikka Jalfrezi,1,8.95,0.0,13.0,272.0,17.0,9.6,4.5,0.0,0.0,,1.006
882,2016-04-20,Lamb Tikka Sizzler,1,9.95,0.0,13.0,272.0,17.0,9.6,4.5,0.0,0.0,,1.001
883,2016-04-20,Mango Chutney,1,0.5,0.0,13.0,272.0,17.0,9.6,4.5,0.0,0.0,,1.668
884,2016-04-20,Mushroom Rice,1,3.95,0.0,13.0,272.0,17.0,9.6,4.5,0.0,0.0,,1.246
885,2016-04-20,Peshwari Naan,1,2.95,0.0,13.0,272.0,17.0,9.6,4.5,0.0,0.0,,1.447
886,2016-04-20,Pilau Rice,3,2.95,0.0,13.0,272.0,17.0,9.6,4.5,0.0,0.0,,2.913
887,2016-04-20,Plain Naan,4,2.6,0.0,13.0,272.0,17.0,9.6,4.5,0.0,0.0,,3.026
888,2016-04-20,Plain Papadum,7,0.8,0.0,13.0,272.0,17.0,9.6,4.5,0.0,0.0,,6.663
889,2016-04-20,Raitha,2,2.95,0.0,13.0,272.0,17.0,9.6,4.5,0.0,0.0,,1.925
890,2016-04-20,Spicy Papadum,1,0.8,0.0,13.0,272.0,17.0,9.6,4.5,0.0,0.0,,1.51
891,2016-04-20,Tarka Dall,1,5.95,0.0,13.0,272.0,17.0,9.6,4.5,0.0,0.0,,1.012
892,2016-04-20,Vegetable Balti,1,9.95,0.0,13.0,272.0,17.0,9.6,4.5,0.0,0.0,,1.001
893,2016-04-20,Vegetable Rice,1,3.95,0.0,13.0,272.0,17.0,9.6,4.5,0.0,0.0,,1.387
894,2016-04-21,Chapati,1,1.95,6.0,4.3,160.0,11.3,11.4,5.9,0.0,0.0,,1.095
895,2016-04-21,Chicken Tikka Jalfrezi,1,8.95,6.0,4.3,160.0,11.3,11.4,5.9,0.0,0.0,,1.0
896,2016-04-21,Curry,1,8.95,6.0,4.3,160.0,11.3,11.4,5.9,0.0,0.0,,1.191
897,2016-04-21,Keema Naan,1,2.95,6.0,4.3,160.0,11.3,11.4,5.9,0.0,0.0,,1.402
898,2016-04-21,Kulcha Naan,1,2.95,6.0,4.3,160.0,11.3,11.4,5.9,0.0,0.0,,1.071
899,2016-04-21,Lemon Rice,1,3.95,6.0,4.3,160.0,11.3,11.4,5.9,0.0,0.0,,1.022
900,2016-04-21,Methi,1,8.95,6.0,4.3,160.0,11.3,11.4,5.9,0.0,0.0,,1.0
901,2016-04-21,Mint Sauce,1,0.5,6.0,4.3,160.0,11.3,11.4,5.9,0.0,0.0,,1.255
902,2016-04-21,Plain Papadum,2,0.8,6.0,4.3,160.0,11.3,11.4,5.9,0.0,0.0,,6.353
903,2016-04-21,Plain Rice,2,2.95,6.0,4.3,160.0,11.3,11.4,5.9,0.0,0.0,,1.698
904,2016-04-21,Red Sauce,1,0.5,6.0,4.3,160.0,11.3,11.4,5.9,0.0,0.0,,1.308
905,2016-04-21,Rogon,1,8.95,6.0,4.3,160.0,11.3,11.4,5.9,0.0,0.0,,1.02
906,2016-04-21,Saag,1,8.95,6.0,4.3,160.0,11.3,11.4,5.9,0.0,0.0,,1.092
907,2016-04-21,Tandoori Roti,1,2.6,6.0,4.3,160.0,11.3,11.4,5.9,0.0,0.0,,1.084
908,2016-04-21,Vindaloo,1,7.95,6.0,4.3,160.0,11.3,11.4,5.9,0.0,0.0,,1.072
909,2016-04-22,Aloo Chaat,1,4.95,8.0,0.0,67.0,11.2,9.7,8.1,5.8,0.0,,1.036
910,2016-04-22,Aloo Gobi,1,5.95,8.0,0.0,67.0,11.2,9.7,8.1,5.8,0.0,,1.004
911,2016-04-22,Bhindi Bhajee,1,5.95,8.0,0.0,67.0,11.2,9.7,8.1,5.8,0.0,,1.174
912,2016-04-22,Bhuna,1,8.95,8.0,0.0,67.0,11.2,9.7,8.1,5.8,0.0,,1.169
913,2016-04-22,Bombay Aloo,3,5.95,8.0,0.0,67.0,11.2,9.7,8.1,5.8,0.0,,2.372
914,2016-04-22,COBRA (660ML),1,5.95,8.0,0.0,67.0,11.2,9.7,8.1,5.8,0.0,,1.365
915,2016-04-22,Cauliflower Bhajee,1,5.95,8.0,0.0,67.0,11.2,9.7,8.1,5.8,0.0,,1.015
916,2016-04-22,Chapati,1,1.95,8.0,0.0,67.0,11.2,9.7,8.1,5.8,0.0,,1.494
917,2016-04-22,Chicken Biryani,2,9.95,8.0,0.0,67.0,11.2,9.7,8.1,5.8,0.0,,1.467
918,2016-04-22,Chicken Pakora,1,5.95,8.0,0.0,67.0,11.2,9.7,8.1,5.8,0.0,,1.088
919,2016-04-22,Chicken Tikka,1,4.95,8.0,0.0,67.0,11.2,9.7,8.1,5.8,0.0,,1.044
920,2016-04-22,Chicken Tikka (Main),1,8.95,8.0,0.0,67.0,11.2,9.7,8.1,5.8,0.0,,1.144
921,2016-04-22,Chicken Tikka Balti,1,10.95,8.0,0.0,67.0,11.2,9.7,8.1,5.8,0.0,,1.032
922,2016-04-22,Chicken Tikka Biryani,1,10.95,8.0,0.0,67.0,11.2,9.7,8.1,5.8,0.0,,1.304
923,2016-04-22,Chicken Tikka Masala,4,8.95,8.0,0.0,67.0,11.2,9.7,8.1,5.8,0.0,,3.113
924,2016-04-22,Chicken Tikka Sizzler,1,9.95,8.0,0.0,67.0,11.2,9.7,8.1,5.8,0.0,,1.0
925,2016-04-22,Dhansak,1,8.95,8.0,0.0,67.0,11.2,9.7,8.1,5.8,0.0,,1.11
926,2016-04-22,French Fries,1,3.95,8.0,0.0,67.0,11.2,9.7,8.1,5.8,0.0,,1.047
927,2016-04-22,Garlic Naan,1,2.95,8.0,0.0,67.0,11.2,9.7,8.1,5.8,0.0,,1.605
928,2016-04-22,King Prawn Biryani,1,12.95,8.0,0.0,67.0,11.2,9.7,8.1,5.8,0.0,,1.0
929,2016-04-22,Korma,1,8.95,8.0,0.0,67.0,11.2,9.7,8.1,5.8,0.0,,1.52
930,2016-04-22,Korma Sauce,1,3.95,8.0,0.0,67.0,11.2,9.7,8.1,5.8,0.0,,1.055
931,2016-04-22,Lamb Karahi,1,8.95,8.0,0.0,67.0,11.2,9.7,8.1,5.8,0.0,,1.112
932,2016-04-22,Lamb Tikka,1,4.95,8.0,0.0,67.0,11.2,9.7,8.1,5.8,0.0,,1.003
933,2016-04-22,Lamb Tikka Biryani,1,10.95,8.0,0.0,67.0,11.2,9.7,8.1,5.8,0.0,,1.0
934,2016-04-22,Lime Pickle,2,0.5,8.0,0.0,67.0,11.2,9.7,8.1,5.8,0.0,,2.179
935,2016-04-22,Madras,1,7.95,8.0,0.0,67.0,11.2,9.7,8.1,5.8,0.0,,1.314
936,2016-04-22,Mango Chutney,5,0.5,8.0,0.0,67.0,11.2,9.7,8.1,5.8,0.0,,2.262
937,2016-04-22,Mint Sauce,4,0.5,8.0,0.0,67.0,11.2,9.7,8.1,5.8,0.0,,3.116
938,2016-04-22,Mixed Starter,1,5.95,8.0,0.0,67.0,11.2,9.7,8.1,5.8,0.0,,1.363
939,2016-04-22,Mushroom Bhajee,1,5.95,8.0,0.0,67.0,11.2,9.7,8.1,5.8,0.0,,1.0
940,2016-04-22,Onion Bhajee,2,3.95,8.0,0.0,67.0,11.2,9.7,8.1,5.8,0.0,,1.808
941,2016-04-22,Onion Chutney,3,0.5,8.0,0.0,67.0,11.2,9.7,8.1,5.8,0.0,,2.24
942,2016-04-22,Paratha,1,2.95,8.0,0.0,67.0,11.2,9.7,8.1,5.8,0.0,,1.603
943,2016-04-22,Peshwari Naan,3,2.95,8.0,0.0,67.0,11.2,9.7,8.1,5.8,0.0,,2.636
944,2016-04-22,Pilau Rice,5,2.95,8.0,0.0,67.0,11.2,9.7,8.1,5.8,0.0,,4.248
945,2016-04-22,Plain Naan,4,2.6,8.0,0.0,67.0,11.2,9.7,8.1,5.8,0.0,,3.371
946,2016-04-22,Plain Papadum,20,0.8,8.0,0.0,67.0,11.2,9.7,8.1,5.8,0.0,,13.867
947,2016-04-22,Plain Rice,3,2.95,8.0,0.0,67.0,11.2,9.7,8.1,5.8,0.0,,2.029
948,2016-04-22,Red Sauce,3,0.5,8.0,0.0,67.0,11.2,9.7,8.1,5.8,0.0,,2.262
949,2016-04-22,Saag Aloo,1,5.95,8.0,0.0,67.0,11.2,9.7,8.1,5.8,0.0,,1.184
950,2016-04-22,Saag Bhajee,1,5.95,8.0,0.0,67.0,11.2,9.7,8.1,5.8,0.0,,1.059
951,2016-04-22,Special Fried Rice,2,3.95,8.0,0.0,67.0,11.2,9.7,8.1,5.8,0.0,,1.804
952,2016-04-22,Tandoori Chicken (Main),2,8.95,8.0,0.0,67.0,11.2,9.7,8.1,5.8,0.0,,1.663
953,2016-04-22,Tandoori Chicken Masala,1,8.95,8.0,0.0,67.0,11.2,9.7,8.1,5.8,0.0,,1.001
954,2016-04-22,Vegetable Biryani,1,9.95,8.0,0.0,67.0,11.2,9.7,8.1,5.8,0.0,,1.0
955,2016-04-23,Bombay Aloo,2,5.95,5.0,7.4,207.0,10.3,7.5,3.8,0.2,0.0,,1.781
956,2016-04-23,COBRA (330ML),2,3.95,5.0,7.4,207.0,10.3,7.5,3.8,0.2,0.0,,1.706
957,2016-04-23,Chapati,2,1.95,5.0,7.4,207.0,10.3,7.5,3.8,0.2,0.0,,2.013
958,2016-04-23,Chicken Chaat,1,4.95,5.0,7.4,207.0,10.3,7.5,3.8,0.2,0.0,,1.15
959,2016-04-23,Chicken Tikka Garlic,1,8.95,5.0,7.4,207.0,10.3,7.5,3.8,0.2,0.0,,1.304
960,2016-04-23,Chicken Tikka Masala,2,8.95,5.0,7.4,207.0,10.3,7.5,3.8,0.2,0.0,,1.781
961,2016-04-23,Chicken Tikka Pasanda,1,8.95,5.0,7.4,207.0,10.3,7.5,3.8,0.2,0.0,,1.157
962,2016-04-23,Curry,1,7.95,5.0,7.4,207.0,10.3,7.5,3.8,0.2,0.0,,1.123
963,2016-04-23,Diet Coke 1.5 ltr,1,2.95,5.0,7.4,207.0,10.3,7.5,3.8,0.2,0.0,,1.682
964,2016-04-23,French Fries,1,3.95,5.0,7.4,207.0,10.3,7.5,3.8,0.2,0.0,,1.123
965,2016-04-23,Garlic Naan,1,2.95,5.0,7.4,207.0,10.3,7.5,3.8,0.2,0.0,,1.594
966,2016-04-23,Keema Naan,6,2.95,5.0,7.4,207.0,10.3,7.5,3.8,0.2,0.0,,4.507
967,2016-04-23,Keema Rice,1,3.95,5.0,7.4,207.0,10.3,7.5,3.8,0.2,0.0,,1.128
968,2016-04-23,King Prawn Butterfly,1,5.95,5.0,7.4,207.0,10.3,7.5,3.8,0.2,0.0,,1.151
969,2016-04-23,Korma,6,8.95,5.0,7.4,207.0,10.3,7.5,3.8,0.2,0.0,,4.333
970,2016-04-23,Korma Sauce,1,3.95,5.0,7.4,207.0,10.3,7.5,3.8,0.2,0.0,,1.124
971,2016-04-23,Lamb Biryani,1,9.95,5.0,7.4,207.0,10.3,7.5,3.8,0.2,0.0,,1.159
972,2016-04-23,Lamb Tikka Biryani,1,10.95,5.0,7.4,207.0,10.3,7.5,3.8,0.2,0.0,,1.165
973,2016-04-23,Lamb Tikka Jalfrezi,1,8.95,5.0,7.4,207.0,10.3,7.5,3.8,0.2,0.0,,1.303
974,2016-04-23,Lamb Tikka Masala,1,8.95,5.0,7.4,207.0,10.3,7.5,3.8,0.2,0.0,,1.439
975,2016-04-23,Lamb Tikka Sizzler,1,9.95,5.0,7.4,207.0,10.3,7.5,3.8,0.2,0.0,,1.26
976,2016-04-23,Lime Pickle,1,0.5,5.0,7.4,207.0,10.3,7.5,3.8,0.2,0.0,,1.416
977,2016-04-23,Madras,1,7.95,5.0,7.4,207.0,10.3,7.5,3.8,0.2,0.0,,1.513
978,2016-04-23,Mango Chutney,1,0.5,5.0,7.4,207.0,10.3,7.5,3.8,0.2,0.0,,1.607
979,2016-04-23,Meat Samosa,4,3.95,5.0,7.4,207.0,10.3,7.5,3.8,0.2,0.0,,3.101
980,2016-04-23,Mushroom Rice,3,3.95,5.0,7.4,207.0,10.3,7.5,3.8,0.2,0.0,,2.374
981,2016-04-23,Onion Bhajee,5,3.95,5.0,7.4,207.0,10.3,7.5,3.8,0.2,0.0,,3.593
982,2016-04-23,Onion Chutney,2,0.5,5.0,7.4,207.0,10.3,7.5,3.8,0.2,0.0,,1.88
983,2016-04-23,Onion Rice,1,3.95,5.0,7.4,207.0,10.3,7.5,3.8,0.2,0.0,,1.124
984,2016-04-23,Pathia,2,8.95,5.0,7.4,207.0,10.3,7.5,3.8,0.2,0.0,,1.739
985,2016-04-23,Peshwari Naan,1,2.95,5.0,7.4,207.0,10.3,7.5,3.8,0.2,0.0,,1.86
986,2016-04-23,Pilau Rice,4,2.95,5.0,7.4,207.0,10.3,7.5,3.8,0.2,0.0,,2.039
987,2016-04-23,Plain Naan,3,2.6,5.0,7.4,207.0,10.3,7.5,3.8,0.2,0.0,,2.714
988,2016-04-23,Plain Papadum,13,0.8,5.0,7.4,207.0,10.3,7.5,3.8,0.2,0.0,,11.111
989,2016-04-23,Plain Rice,1,2.95,5.0,7.4,207.0,10.3,7.5,3.8,0.2,0.0,,1.779
990,2016-04-23,Prawn Puree,2,4.95,5.0,7.4,207.0,10.3,7.5,3.8,0.2,0.0,,1.654
991,2016-04-23,Rogon,3,8.95,5.0,7.4,207.0,10.3,7.5,3.8,0.2,0.0,,2.397
992,2016-04-23,Royal Paneer,2,5.95,5.0,7.4,207.0,10.3,7.5,3.8,0.2,0.0,,1.694
993,2016-04-23,Saag,2,8.95,5.0,7.4,207.0,10.3,7.5,3.8,0.2,0.0,,1.715
994,2016-04-23,Saag Aloo,1,5.95,5.0,7.4,207.0,10.3,7.5,3.8,0.2,0.0,,1.619
995,2016-04-23,Sheek Kebab,1,4.95,5.0,7.4,207.0,10.3,7.5,3.8,0.2,0.0,,1.259
996,2016-04-23,Special Fried Rice,2,3.95,5.0,7.4,207.0,10.3,7.5,3.8,0.2,0.0,,1.747
997,2016-04-23,Tandoori Mixed Grill,2,11.95,5.0,7.4,207.0,10.3,7.5,3.8,0.2,0.0,,1.71
998,2016-04-23,Vegetable Roll,1,4.95,5.0,7.4,207.0,10.3,7.5,3.8,0.2,0.0,,1.409
999,2016-04-23,Vindaloo,1,7.95,5.0,7.4,207.0,10.3,7.5,3.8,0.2,0.0,,1.184
