,date,Item Name,Quantity,Product Price,cloud_cover,sunshine,global_radiation,max_temp,mean_temp,min_temp,precipitation,snow_depth,isPaidTimeOff,predicted
0,2019-07-14,Chicken Balti,2,9.95,5.0,2.5,153.0,22.9,18.0,14.1,0.0,0.0,,1.7
1,2019-07-14,Chicken Karahi,2,8.95,5.0,2.5,153.0,22.9,18.0,14.1,0.0,0.0,,1.711
2,2019-07-14,Chicken Pakora,1,5.95,5.0,2.5,153.0,22.9,18.0,14.1,0.0,0.0,,1.078
3,2019-07-14,Chicken Roshni,1,9.95,5.0,2.5,153.0,22.9,18.0,14.1,0.0,0.0,,1.248
4,2019-07-14,Chicken Tikka,1,4.95,5.0,2.5,153.0,22.9,18.0,14.1,0.0,0.0,,1.194
5,2019-07-14,Chicken Tikka Karahi,1,9.95,5.0,2.5,153.0,22.9,18.0,14.1,0.0,0.0,,1.139
6,2019-07-14,Chicken Tikka Masala,1,8.95,5.0,2.5,153.0,22.9,18.0,14.1,0.0,0.0,,2.575
7,2019-07-14,Curry - Chicken,1,7.95,5.0,2.5,153.0,22.9,18.0,14.1,0.0,0.0,,1.11
8,2019-07-14,Dhansak - Chicken,1,8.95,5.0,2.5,153.0,22.9,18.0,14.1,0.0,0.0,,1.18
9,2019-07-14,Egg Paratha,1,3.95,5.0,2.5,153.0,22.9,18.0,14.1,0.0,0.0,,1.039
10,2019-07-14,Egg Rice,2,3.95,5.0,2.5,153.0,22.9,18.0,14.1,0.0,0.0,,1.052
11,2019-07-14,French Fries,3,3.95,5.0,2.5,153.0,22.9,18.0,14.1,0.0,0.0,,2.414
12,2019-07-14,Garlic Naan,4,2.95,5.0,2.5,153.0,22.9,18.0,14.1,0.0,0.0,,3.219
13,2019-07-14,Keema Naan,1,2.95,5.0,2.5,153.0,22.9,18.0,14.1,0.0,0.0,,1.426
14,2019-07-14,Korma - Chicken,4,8.95,5.0,2.5,153.0,22.9,18.0,14.1,0.0,0.0,,3.192
15,2019-07-14,Korma - Chicken Tikka,2,8.95,5.0,2.5,153.0,22.9,18.0,14.1,0.0,0.0,,1.667
16,2019-07-14,Madras - Chicken,1,7.95,5.0,2.5,153.0,22.9,18.0,14.1,0.0,0.0,,1.208
17,2019-07-14,Mango Chutney,3,0.5,5.0,2.5,153.0,22.9,18.0,14.1,0.0,0.0,,3.603
18,2019-07-14,Masala Sauce,1,3.95,5.0,2.5,153.0,22.9,18.0,14.1,0.0,0.0,,1.044
19,2019-07-14,Mint Sauce,4,0.5,5.0,2.5,153.0,22.9,18.0,14.1,0.0,0.0,,3.683
20,2019-07-14,Onion Bhajee,5,3.95,5.0,2.5,153.0,22.9,18.0,14.1,0.0,0.0,,5.238
21,2019-07-14,Onion Chutney,1,0.5,5.0,2.5,153.0,22.9,18.0,14.1,0.0,0.0,,1.493
22,2019-07-14,Onion Naan,2,2.95,5.0,2.5,153.0,22.9,18.0,14.1,0.0,0.0,,1.874
23,2019-07-14,Paratha,2,2.95,5.0,2.5,153.0,22.9,18.0,14.1,0.0,0.0,,1.922
24,2019-07-14,Peshwari Naan,2,2.95,5.0,2.5,153.0,22.9,18.0,14.1,0.0,0.0,,2.643
25,2019-07-14,Pilau Rice,8,2.95,5.0,2.5,153.0,22.9,18.0,14.1,0.0,0.0,,7.397
26,2019-07-14,Plain Naan,8,2.6,5.0,2.5,153.0,22.9,18.0,14.1,0.0,0.0,,6.652
27,2019-07-14,Plain Papadum,10,0.8,5.0,2.5,153.0,22.9,18.0,14.1,0.0,0.0,,10.664
28,2019-07-14,Plain Rice,2,2.95,5.0,2.5,153.0,22.9,18.0,14.1,0.0,0.0,,2.337
29,2019-07-14,Prawn Puree,2,4.95,5.0,2.5,153.0,22.9,18.0,14.1,0.0,0.0,,1.033
30,2019-07-14,Raitha,1,2.95,5.0,2.5,153.0,22.9,18.0,14.1,0.0,0.0,,1.638
31,2019-07-14,Red Sauce,1,0.5,5.0,2.5,153.0,22.9,18.0,14.1,0.0,0.0,,2.548
32,2019-07-14,Royal Paneer,1,5.95,5.0,2.5,153.0,22.9,18.0,14.1,0.0,0.0,,1.038
33,2019-07-14,Saag - Chicken Tikka,1,8.95,5.0,2.5,153.0,22.9,18.0,14.1,0.0,0.0,,1.296
34,2019-07-14,Saag Aloo,1,5.95,5.0,2.5,153.0,22.9,18.0,14.1,0.0,0.0,,1.216
35,2019-07-14,Saag Paneer,3,5.95,5.0,2.5,153.0,22.9,18.0,14.1,0.0,0.0,,2.362
36,2019-07-14,Special Fried Rice,2,3.95,5.0,2.5,153.0,22.9,18.0,14.1,0.0,0.0,,2.128
37,2019-07-14,Tandoori Chicken (Main),2,8.95,5.0,2.5,153.0,22.9,18.0,14.1,0.0,0.0,,1.728
38,2019-07-14,Tandoori Fish,1,5.95,5.0,2.5,153.0,22.9,18.0,14.1,0.0,0.0,,1.029
39,2019-07-14,Tandoori Mixed Grill,2,11.95,5.0,2.5,153.0,22.9,18.0,14.1,0.0,0.0,,1.864
40,2019-07-14,Vegetable Rice,1,3.95,5.0,2.5,153.0,22.9,18.0,14.1,0.0,0.0,,1.38
41,2019-07-15,Cauliflower Bhajee,1,5.95,4.0,6.1,217.0,27.3,17.4,11.8,0.0,0.0,,1.057
42,2019-07-15,Chicken Biryani,2,9.95,4.0,6.1,217.0,27.3,17.4,11.8,0.0,0.0,,2.053
43,2019-07-15,Chicken Tikka (Main),1,8.95,4.0,6.1,217.0,27.3,17.4,11.8,0.0,0.0,,1.316
44,2019-07-15,Curry - Chicken,1,7.95,4.0,6.1,217.0,27.3,17.4,11.8,0.0,0.0,,1.097
45,2019-07-15,Dhansak - Chicken,1,8.95,4.0,6.1,217.0,27.3,17.4,11.8,0.0,0.0,,1.088
46,2019-07-15,French Fries,1,3.95,4.0,6.1,217.0,27.3,17.4,11.8,0.0,0.0,,1.419
47,2019-07-15,Garlic Naan,1,2.95,4.0,6.1,217.0,27.3,17.4,11.8,0.0,0.0,,1.532
48,2019-07-15,Lamb Tikka Biryani,3,10.95,4.0,6.1,217.0,27.3,17.4,11.8,0.0,0.0,,2.319
49,2019-07-15,Mango Chutney,3,0.5,4.0,6.1,217.0,27.3,17.4,11.8,0.0,0.0,,2.882
50,2019-07-15,Mint Sauce,4,0.5,4.0,6.1,217.0,27.3,17.4,11.8,0.0,0.0,,3.403
51,2019-07-15,Mushroom Bhajee,2,5.95,4.0,6.1,217.0,27.3,17.4,11.8,0.0,0.0,,1.612
52,2019-07-15,Mushroom Rice,1,3.95,4.0,6.1,217.0,27.3,17.4,11.8,0.0,0.0,,1.581
53,2019-07-15,Onion Chutney,1,0.5,4.0,6.1,217.0,27.3,17.4,11.8,0.0,0.0,,1.347
54,2019-07-15,Paneer Tikka Sizzler,1,9.95,4.0,6.1,217.0,27.3,17.4,11.8,0.0,0.0,,1.142
55,2019-07-15,Pilau Rice,1,2.95,4.0,6.1,217.0,27.3,17.4,11.8,0.0,0.0,,5.885
56,2019-07-15,Plain Naan,1,2.6,4.0,6.1,217.0,27.3,17.4,11.8,0.0,0.0,,2.442
57,2019-07-15,Plain Papadum,7,0.8,4.0,6.1,217.0,27.3,17.4,11.8,0.0,0.0,,7.167
58,2019-07-15,Plain Rice,2,2.95,4.0,6.1,217.0,27.3,17.4,11.8,0.0,0.0,,2.028
59,2019-07-15,Saag Aloo,1,5.95,4.0,6.1,217.0,27.3,17.4,11.8,0.0,0.0,,1.466
60,2019-07-15,Saag Bhajee,1,5.95,4.0,6.1,217.0,27.3,17.4,11.8,0.0,0.0,,1.064
61,2019-07-15,Saag Dall,1,5.95,4.0,6.1,217.0,27.3,17.4,11.8,0.0,0.0,,1.05
62,2019-07-15,Tandoori Chicken (1/4),1,4.95,4.0,6.1,217.0,27.3,17.4,11.8,0.0,0.0,,1.038
63,2019-07-15,Tandoori Chicken Masala,1,8.95,4.0,6.1,217.0,27.3,17.4,11.8,0.0,0.0,,1.341
64,2019-07-15,Tandoori Mixed Grill,2,11.95,4.0,6.1,217.0,27.3,17.4,11.8,0.0,0.0,,1.986
65,2019-07-15,Tandoori Roti,1,2.6,4.0,6.1,217.0,27.3,17.4,11.8,0.0,0.0,,1.457
66,2019-07-15,Vindaloo - Lamb,1,7.95,4.0,6.1,217.0,27.3,17.4,11.8,0.0,0.0,,1.071
67,2019-07-16,Aloo Gobi,1,5.95,0.0,13.1,36.0,26.4,19.5,11.7,0.0,0.0,,2.706
68,2019-07-16,Aloo Methi,1,5.95,0.0,13.1,36.0,26.4,19.5,11.7,0.0,0.0,,1.048
69,2019-07-16,Bhuna - Lamb,2,8.95,0.0,13.1,36.0,26.4,19.5,11.7,0.0,0.0,,1.703
70,2019-07-16,Butter Chicken,2,9.95,0.0,13.1,36.0,26.4,19.5,11.7,0.0,0.0,,1.685
71,2019-07-16,Chapati,3,1.95,0.0,13.1,36.0,26.4,19.5,11.7,0.0,0.0,,2.724
72,2019-07-16,Chicken Balti,1,9.95,0.0,13.1,36.0,26.4,19.5,11.7,0.0,0.0,,1.175
73,2019-07-16,Chicken Biryani,2,9.95,0.0,13.1,36.0,26.4,19.5,11.7,0.0,0.0,,2.157
74,2019-07-16,Chicken Karahi,1,8.95,0.0,13.1,36.0,26.4,19.5,11.7,0.0,0.0,,1.066
75,2019-07-16,Chicken Tikka (Main),1,8.95,0.0,13.1,36.0,26.4,19.5,11.7,0.0,0.0,,1.295
76,2019-07-16,Chicken Tikka Jalfrezi,1,8.95,0.0,13.1,36.0,26.4,19.5,11.7,0.0,0.0,,1.027
77,2019-07-16,Chicken Tikka Masala,1,8.95,0.0,13.1,36.0,26.4,19.5,11.7,0.0,0.0,,5.524
78,2019-07-16,Dupiaza - Chicken Tikka,1,8.95,0.0,13.1,36.0,26.4,19.5,11.7,0.0,0.0,,1.27
79,2019-07-16,French Fries,2,3.95,0.0,13.1,36.0,26.4,19.5,11.7,0.0,0.0,,1.82
80,2019-07-16,Garlic Naan,1,2.95,0.0,13.1,36.0,26.4,19.5,11.7,0.0,0.0,,1.999
81,2019-07-16,Garlic Rice,1,3.95,0.0,13.1,36.0,26.4,19.5,11.7,0.0,0.0,,1.039
82,2019-07-16,Keema Naan,2,2.95,0.0,13.1,36.0,26.4,19.5,11.7,0.0,0.0,,1.989
83,2019-07-16,King Prawn Puree,4,5.95,0.0,13.1,36.0,26.4,19.5,11.7,0.0,0.0,,2.968
84,2019-07-16,Korma - Chicken,1,8.95,0.0,13.1,36.0,26.4,19.5,11.7,0.0,0.0,,1.63
85,2019-07-16,Lal Mirch Lamb,1,9.95,0.0,13.1,36.0,26.4,19.5,11.7,0.0,0.0,,1.025
86,2019-07-16,Lamb Balti,1,9.95,0.0,13.1,36.0,26.4,19.5,11.7,0.0,0.0,,1.029
87,2019-07-16,Lamb Biryani,3,9.95,0.0,13.1,36.0,26.4,19.5,11.7,0.0,0.0,,3.005
88,2019-07-16,Lamb Karahi,2,8.95,0.0,13.1,36.0,26.4,19.5,11.7,0.0,0.0,,1.03
89,2019-07-16,Lamb Sylhet,1,9.95,0.0,13.1,36.0,26.4,19.5,11.7,0.0,0.0,,1.018
90,2019-07-16,Lamb Tikka,2,4.95,0.0,13.1,36.0,26.4,19.5,11.7,0.0,0.0,,1.764
91,2019-07-16,Lime Pickle,1,0.5,0.0,13.1,36.0,26.4,19.5,11.7,0.0,0.0,,1.402
92,2019-07-16,Madras - Chicken,4,7.95,0.0,13.1,36.0,26.4,19.5,11.7,0.0,0.0,,2.999
93,2019-07-16,Mango Chutney,2,0.5,0.0,13.1,36.0,26.4,19.5,11.7,0.0,0.0,,2.89
94,2019-07-16,Masala Sauce,1,3.95,0.0,13.1,36.0,26.4,19.5,11.7,0.0,0.0,,1.045
95,2019-07-16,Meat Samosa,3,3.95,0.0,13.1,36.0,26.4,19.5,11.7,0.0,0.0,,2.616
96,2019-07-16,Mixed Starter,1,5.95,0.0,13.1,36.0,26.4,19.5,11.7,0.0,0.0,,1.066
97,2019-07-16,Mixed Vegetable Curry,1,5.95,0.0,13.1,36.0,26.4,19.5,11.7,0.0,0.0,,1.046
98,2019-07-16,Muttar Paneer,2,5.95,0.0,13.1,36.0,26.4,19.5,11.7,0.0,0.0,,1.696
99,2019-07-16,Onion Chutney,2,0.5,0.0,13.1,36.0,26.4,19.5,11.7,0.0,0.0,,1.855
100,2019-07-16,Paneer Shaslick,1,9.95,0.0,13.1,36.0,26.4,19.5,11.7,0.0,0.0,,1.023
101,2019-07-16,Pilau Rice,7,2.95,0.0,13.1,36.0,26.4,19.5,11.7,0.0,0.0,,10.551
102,2019-07-16,Plain Naan,10,2.6,0.0,13.1,36.0,26.4,19.5,11.7,0.0,0.0,,8.21
103,2019-07-16,Plain Papadum,9,0.8,0.0,13.1,36.0,26.4,19.5,11.7,0.0,0.0,,12.084
104,2019-07-16,Plain Rice,4,2.95,0.0,13.1,36.0,26.4,19.5,11.7,0.0,0.0,,3.34
105,2019-07-16,Royal Paneer,1,5.95,0.0,13.1,36.0,26.4,19.5,11.7,0.0,0.0,,1.058
106,2019-07-16,Saag - Chicken,1,8.95,0.0,13.1,36.0,26.4,19.5,11.7,0.0,0.0,,1.024
107,2019-07-16,Sheek Kebab,1,4.95,0.0,13.1,36.0,26.4,19.5,11.7,0.0,0.0,,1.155
108,2019-07-16,Sheek Kebab (Main),1,8.95,0.0,13.1,36.0,26.4,19.5,11.7,0.0,0.0,,1.021
109,2019-07-16,Spicy Papadum,2,0.8,0.0,13.1,36.0,26.4,19.5,11.7,0.0,0.0,,2.109
110,2019-07-16,Tandoori Mixed Grill,1,11.95,0.0,13.1,36.0,26.4,19.5,11.7,0.0,0.0,,1.877
111,2019-07-16,Vindaloo - Chicken,2,7.95,0.0,13.1,36.0,26.4,19.5,11.7,0.0,0.0,,1.778
112,2019-07-16,Vindaloo Sauce,1,3.95,0.0,13.1,36.0,26.4,19.5,11.7,0.0,0.0,,1.04
113,2019-07-17,Butter Chicken,1,9.95,5.0,6.6,223.0,24.8,19.9,13.5,3.0,0.0,,1.277
114,2019-07-17,Chicken Chilli Garlic,1,9.95,5.0,6.6,223.0,24.8,19.9,13.5,3.0,0.0,,1.216
115,2019-07-17,Chicken Tikka,1,4.95,5.0,6.6,223.0,24.8,19.9,13.5,3.0,0.0,,1.166
116,2019-07-17,Chicken Tikka (Main),2,8.95,5.0,6.6,223.0,24.8,19.9,13.5,3.0,0.0,,1.68
117,2019-07-17,Chicken Tikka Chilli Masala,1,8.95,5.0,6.6,223.0,24.8,19.9,13.5,3.0,0.0,,1.023
118,2019-07-17,Chicken Tikka Pasanda,1,8.95,5.0,6.6,223.0,24.8,19.9,13.5,3.0,0.0,,1.001
119,2019-07-17,Curry - Lamb,1,7.95,5.0,6.6,223.0,24.8,19.9,13.5,3.0,0.0,,1.01
120,2019-07-17,Dhansak - King Prawn,1,12.95,5.0,6.6,223.0,24.8,19.9,13.5,3.0,0.0,,1.334
121,2019-07-17,Garlic Naan,1,2.95,5.0,6.6,223.0,24.8,19.9,13.5,3.0,0.0,,1.305
122,2019-07-17,King Prawn Puree,1,5.95,5.0,6.6,223.0,24.8,19.9,13.5,3.0,0.0,,1.133
123,2019-07-17,Korma - Chicken,1,8.95,5.0,6.6,223.0,24.8,19.9,13.5,3.0,0.0,,1.379
124,2019-07-17,Lamb Biryani,1,9.95,5.0,6.6,223.0,24.8,19.9,13.5,3.0,0.0,,1.656
125,2019-07-17,Lamb Haryali,1,9.95,5.0,6.6,223.0,24.8,19.9,13.5,3.0,0.0,,1.0
126,2019-07-17,Mixed Starter,1,5.95,5.0,6.6,223.0,24.8,19.9,13.5,3.0,0.0,,1.0
127,2019-07-17,Onion Rice,1,3.95,5.0,6.6,223.0,24.8,19.9,13.5,3.0,0.0,,1.021
128,2019-07-17,Pilau Rice,6,2.95,5.0,6.6,223.0,24.8,19.9,13.5,3.0,0.0,,5.705
129,2019-07-17,Plain Naan,1,2.6,5.0,6.6,223.0,24.8,19.9,13.5,3.0,0.0,,1.874
130,2019-07-17,Plain Papadum,2,0.8,5.0,6.6,223.0,24.8,19.9,13.5,3.0,0.0,,4.223
131,2019-07-17,Plain Rice,1,2.95,5.0,6.6,223.0,24.8,19.9,13.5,3.0,0.0,,1.5
132,2019-07-17,Rogon - Lamb,1,8.95,5.0,6.6,223.0,24.8,19.9,13.5,3.0,0.0,,1.002
133,2019-07-17,Saag Aloo,1,5.95,5.0,6.6,223.0,24.8,19.9,13.5,3.0,0.0,,1.408
134,2019-07-18,Aloo Chaat,1,4.95,6.0,2.5,152.0,19.9,20.2,15.6,0.0,0.0,,1.125
135,2019-07-18,Aloo Gobi,3,5.95,6.0,2.5,152.0,19.9,20.2,15.6,0.0,0.0,,2.828
136,2019-07-18,Baingan Hari Mirch,1,5.95,6.0,2.5,152.0,19.9,20.2,15.6,0.0,0.0,,1.069
137,2019-07-18,Bhindi Bhajee,1,5.95,6.0,2.5,152.0,19.9,20.2,15.6,0.0,0.0,,1.075
138,2019-07-18,Bhuna - Chicken,1,8.95,6.0,2.5,152.0,19.9,20.2,15.6,0.0,0.0,,1.224
139,2019-07-18,Bombay Aloo,1,5.95,6.0,2.5,152.0,19.9,20.2,15.6,0.0,0.0,,1.833
140,2019-07-18,Butter Chicken,1,9.95,6.0,2.5,152.0,19.9,20.2,15.6,0.0,0.0,,1.242
141,2019-07-18,Chana Masala,1,5.95,6.0,2.5,152.0,19.9,20.2,15.6,0.0,0.0,,1.009
142,2019-07-18,Chicken Tikka,3,4.95,6.0,2.5,152.0,19.9,20.2,15.6,0.0,0.0,,2.336
143,2019-07-18,Chicken Tikka (Main),1,8.95,6.0,2.5,152.0,19.9,20.2,15.6,0.0,0.0,,1.189
144,2019-07-18,Chicken Tikka Balti,1,10.95,6.0,2.5,152.0,19.9,20.2,15.6,0.0,0.0,,1.0
145,2019-07-18,Chicken Tikka Jalfrezi,1,8.95,6.0,2.5,152.0,19.9,20.2,15.6,0.0,0.0,,1.0
146,2019-07-18,Chicken Tikka Masala,4,8.95,6.0,2.5,152.0,19.9,20.2,15.6,0.0,0.0,,3.74
147,2019-07-18,Curry - Chicken,1,7.95,6.0,2.5,152.0,19.9,20.2,15.6,0.0,0.0,,1.177
148,2019-07-18,Curry Sauce,1,3.95,6.0,2.5,152.0,19.9,20.2,15.6,0.0,0.0,,1.016
149,2019-07-18,Garlic Naan,1,2.95,6.0,2.5,152.0,19.9,20.2,15.6,0.0,0.0,,2.043
150,2019-07-18,Keema Naan,2,2.95,6.0,2.5,152.0,19.9,20.2,15.6,0.0,0.0,,2.099
151,2019-07-18,King Prawn Shaslick,51,12.95,6.0,2.5,152.0,19.9,20.2,15.6,0.0,0.0,,31.85
152,2019-07-18,Korma - Chicken,3,8.95,6.0,2.5,152.0,19.9,20.2,15.6,0.0,0.0,,2.764
153,2019-07-18,Korma - Prawn,2,9.95,6.0,2.5,152.0,19.9,20.2,15.6,0.0,0.0,,1.661
154,2019-07-18,Lal Mirch Lamb,1,9.95,6.0,2.5,152.0,19.9,20.2,15.6,0.0,0.0,,1.0
155,2019-07-18,Lamb Chilli Garlic,1,9.95,6.0,2.5,152.0,19.9,20.2,15.6,0.0,0.0,,1.0
156,2019-07-18,Lamb Rezala,1,9.95,6.0,2.5,152.0,19.9,20.2,15.6,0.0,0.0,,1.0
157,2019-07-18,Lamb Shashlick Curry,1,12.95,6.0,2.5,152.0,19.9,20.2,15.6,0.0,0.0,,1.004
158,2019-07-18,Lamb Tikka Jalfrezi,1,8.95,6.0,2.5,152.0,19.9,20.2,15.6,0.0,0.0,,1.0
159,2019-07-18,Lamb Tikka Pasanda,1,8.95,6.0,2.5,152.0,19.9,20.2,15.6,0.0,0.0,,1.0
160,2019-07-18,Madras - Chicken,1,7.95,6.0,2.5,152.0,19.9,20.2,15.6,0.0,0.0,,1.169
161,2019-07-18,Mixed Vegetable Curry,1,5.95,6.0,2.5,152.0,19.9,20.2,15.6,0.0,0.0,,1.007
162,2019-07-18,Mushroom Bhajee,1,5.95,6.0,2.5,152.0,19.9,20.2,15.6,0.0,0.0,,1.028
163,2019-07-18,Onion Bhajee,5,3.95,6.0,2.5,152.0,19.9,20.2,15.6,0.0,0.0,,4.754
164,2019-07-18,Paneer Tikka Balti,1,10.95,6.0,2.5,152.0,19.9,20.2,15.6,0.0,0.0,,1.0
165,2019-07-18,Paneer Tikka Sizzler,1,9.95,6.0,2.5,152.0,19.9,20.2,15.6,0.0,0.0,,1.0
166,2019-07-18,Peshwari Naan,5,2.95,6.0,2.5,152.0,19.9,20.2,15.6,0.0,0.0,,4.091
167,2019-07-18,Pilau Rice,10,2.95,6.0,2.5,152.0,19.9,20.2,15.6,0.0,0.0,,8.941
168,2019-07-18,Plain Naan,5,2.6,6.0,2.5,152.0,19.9,20.2,15.6,0.0,0.0,,5.604
169,2019-07-18,Plain Papadum,12,0.8,6.0,2.5,152.0,19.9,20.2,15.6,0.0,0.0,,11.568
170,2019-07-18,Plain Rice,5,2.95,6.0,2.5,152.0,19.9,20.2,15.6,0.0,0.0,,4.072
171,2019-07-18,Prawn Puree,1,4.95,6.0,2.5,152.0,19.9,20.2,15.6,0.0,0.0,,1.012
172,2019-07-18,Saag - Chicken,1,8.95,6.0,2.5,152.0,19.9,20.2,15.6,0.0,0.0,,1.0
173,2019-07-18,Saag Aloo,2,5.95,6.0,2.5,152.0,19.9,20.2,15.6,0.0,0.0,,1.843
174,2019-07-18,Special Fried Rice,1,3.95,6.0,2.5,152.0,19.9,20.2,15.6,0.0,0.0,,2.063
175,2019-07-18,Stuffed Paratha,1,3.95,6.0,2.5,152.0,19.9,20.2,15.6,0.0,0.0,,1.017
176,2019-07-18,Tandoori Roti,1,2.6,6.0,2.5,152.0,19.9,20.2,15.6,0.0,0.0,,1.606
177,2019-07-19,Aloo Chaat,1,4.95,7.0,0.0,77.0,25.6,16.3,12.7,17.4,0.0,,1.086
178,2019-07-19,Aloo Gobi,4,5.95,7.0,0.0,77.0,25.6,16.3,12.7,17.4,0.0,,3.549
179,2019-07-19,Baingan Hari Mirch,1,5.95,7.0,0.0,77.0,25.6,16.3,12.7,17.4,0.0,,1.054
180,2019-07-19,Bhindi Bhajee,1,5.95,7.0,0.0,77.0,25.6,16.3,12.7,17.4,0.0,,1.063
181,2019-07-19,Bhuna - Chicken Tikka,1,8.95,7.0,0.0,77.0,25.6,16.3,12.7,17.4,0.0,,1.133
182,2019-07-19,Bhuna - King Prawn,1,12.95,7.0,0.0,77.0,25.6,16.3,12.7,17.4,0.0,,1.008
183,2019-07-19,Bhuna - Lamb,1,8.95,7.0,0.0,77.0,25.6,16.3,12.7,17.4,0.0,,1.126
184,2019-07-19,Bombay Aloo,2,5.95,7.0,0.0,77.0,25.6,16.3,12.7,17.4,0.0,,1.697
185,2019-07-19,Bottle Diet Coke,1,2.95,7.0,0.0,77.0,25.6,16.3,12.7,17.4,0.0,,1.914
186,2019-07-19,Butter Chicken,2,9.95,7.0,0.0,77.0,25.6,16.3,12.7,17.4,0.0,,1.904
187,2019-07-19,Cauliflower Bhajee,1,5.95,7.0,0.0,77.0,25.6,16.3,12.7,17.4,0.0,,1.118
188,2019-07-19,Chana Masala,1,5.95,7.0,0.0,77.0,25.6,16.3,12.7,17.4,0.0,,1.001
189,2019-07-19,Chapati,6,1.95,7.0,0.0,77.0,25.6,16.3,12.7,17.4,0.0,,4.895
190,2019-07-19,Chicken Biryani,4,9.95,7.0,0.0,77.0,25.6,16.3,12.7,17.4,0.0,,3.32
191,2019-07-19,Chicken Chilli Garlic,2,9.95,7.0,0.0,77.0,25.6,16.3,12.7,17.4,0.0,,1.701
192,2019-07-19,Chicken Tikka,3,4.95,7.0,0.0,77.0,25.6,16.3,12.7,17.4,0.0,,1.177
193,2019-07-19,Chicken Tikka (Main),4,8.95,7.0,0.0,77.0,25.6,16.3,12.7,17.4,0.0,,2.974
194,2019-07-19,Chicken Tikka Balti,1,10.95,7.0,0.0,77.0,25.6,16.3,12.7,17.4,0.0,,1.0
195,2019-07-19,Chicken Tikka Biryani,1,10.95,7.0,0.0,77.0,25.6,16.3,12.7,17.4,0.0,,1.096
196,2019-07-19,Chicken Tikka Chilli Masala,2,8.95,7.0,0.0,77.0,25.6,16.3,12.7,17.4,0.0,,1.621
197,2019-07-19,Chicken Tikka Masala,8,8.95,7.0,0.0,77.0,25.6,16.3,12.7,17.4,0.0,,6.993
198,2019-07-19,Chicken Tikka Pasanda,1,8.95,7.0,0.0,77.0,25.6,16.3,12.7,17.4,0.0,,1.013
199,2019-07-19,Curry - Chicken,3,7.95,7.0,0.0,77.0,25.6,16.3,12.7,17.4,0.0,,1.728
200,2019-07-19,Curry - Lamb,2,7.95,7.0,0.0,77.0,25.6,16.3,12.7,17.4,0.0,,1.641
201,2019-07-19,Dhansak - Chicken,1,8.95,7.0,0.0,77.0,25.6,16.3,12.7,17.4,0.0,,1.109
202,2019-07-19,Dhansak - Lamb,2,8.95,7.0,0.0,77.0,25.6,16.3,12.7,17.4,0.0,,1.632
203,2019-07-19,Dupiaza - Chicken Tikka,2,8.95,7.0,0.0,77.0,25.6,16.3,12.7,17.4,0.0,,1.63
204,2019-07-19,French Fries,2,3.95,7.0,0.0,77.0,25.6,16.3,12.7,17.4,0.0,,1.748
205,2019-07-19,Garlic Naan,12,2.95,7.0,0.0,77.0,25.6,16.3,12.7,17.4,0.0,,8.657
206,2019-07-19,Garlic Rice,1,3.95,7.0,0.0,77.0,25.6,16.3,12.7,17.4,0.0,,1.031
207,2019-07-19,Keema Naan,5,2.95,7.0,0.0,77.0,25.6,16.3,12.7,17.4,0.0,,3.928
208,2019-07-19,Keema Rice,3,3.95,7.0,0.0,77.0,25.6,16.3,12.7,17.4,0.0,,1.266
209,2019-07-19,Korma - Chicken,6,8.95,7.0,0.0,77.0,25.6,16.3,12.7,17.4,0.0,,1.979
210,2019-07-19,Korma - King Prawn,1,12.95,7.0,0.0,77.0,25.6,16.3,12.7,17.4,0.0,,1.008
211,2019-07-19,Korma Sauce,2,3.95,7.0,0.0,77.0,25.6,16.3,12.7,17.4,0.0,,1.778
212,2019-07-19,Lal Mirch Chicken,1,9.95,7.0,0.0,77.0,25.6,16.3,12.7,17.4,0.0,,1.003
213,2019-07-19,Lamb Biryani,2,9.95,7.0,0.0,77.0,25.6,16.3,12.7,17.4,0.0,,4.228
214,2019-07-19,Lamb Tikka,2,4.95,7.0,0.0,77.0,25.6,16.3,12.7,17.4,0.0,,1.819
215,2019-07-19,Lamb Tikka (Main),1,8.95,7.0,0.0,77.0,25.6,16.3,12.7,17.4,0.0,,1.019
216,2019-07-19,Lamb Tikka Biryani,1,10.95,7.0,0.0,77.0,25.6,16.3,12.7,17.4,0.0,,1.244
217,2019-07-19,Lamb Tikka Karahi,1,9.95,7.0,0.0,77.0,25.6,16.3,12.7,17.4,0.0,,1.002
218,2019-07-19,Lamb Tikka Masala,1,8.95,7.0,0.0,77.0,25.6,16.3,12.7,17.4,0.0,,1.019
219,2019-07-19,Lemon Rice,1,3.95,7.0,0.0,77.0,25.6,16.3,12.7,17.4,0.0,,1.039
220,2019-07-19,Lime Pickle,3,0.5,7.0,0.0,77.0,25.6,16.3,12.7,17.4,0.0,,2.993
221,2019-07-19,Madras - Chicken,2,7.95,7.0,0.0,77.0,25.6,16.3,12.7,17.4,0.0,,1.932
222,2019-07-19,Mango Chutney,10,0.5,7.0,0.0,77.0,25.6,16.3,12.7,17.4,0.0,,8.58
223,2019-07-19,Meat Samosa,4,3.95,7.0,0.0,77.0,25.6,16.3,12.7,17.4,0.0,,3.309
224,2019-07-19,Mint Sauce,3,0.5,7.0,0.0,77.0,25.6,16.3,12.7,17.4,0.0,,4.03
225,2019-07-19,Mixed Starter,1,5.95,7.0,0.0,77.0,25.6,16.3,12.7,17.4,0.0,,1.001
226,2019-07-19,Mushroom - Chicken,1,8.95,7.0,0.0,77.0,25.6,16.3,12.7,17.4,0.0,,1.007
227,2019-07-19,Mushroom Bhajee,1,5.95,7.0,0.0,77.0,25.6,16.3,12.7,17.4,0.0,,1.076
228,2019-07-19,Mushroom Rice,6,3.95,7.0,0.0,77.0,25.6,16.3,12.7,17.4,0.0,,4.32
229,2019-07-19,Muttar Paneer,1,5.95,7.0,0.0,77.0,25.6,16.3,12.7,17.4,0.0,,1.143
230,2019-07-19,Onion Bhajee,5,3.95,7.0,0.0,77.0,25.6,16.3,12.7,17.4,0.0,,5.698
231,2019-07-19,Onion Chutney,6,0.5,7.0,0.0,77.0,25.6,16.3,12.7,17.4,0.0,,2.842
232,2019-07-19,Onion Rice,2,3.95,7.0,0.0,77.0,25.6,16.3,12.7,17.4,0.0,,1.632
233,2019-07-19,Paneer Shaslick,1,9.95,7.0,0.0,77.0,25.6,16.3,12.7,17.4,0.0,,1.002
234,2019-07-19,Paneer Tikka Sizzler,1,9.95,7.0,0.0,77.0,25.6,16.3,12.7,17.4,0.0,,1.003
235,2019-07-19,Paratha,1,2.95,7.0,0.0,77.0,25.6,16.3,12.7,17.4,0.0,,2.695
236,2019-07-19,Perrier Water (750ml),1,3.95,7.0,0.0,77.0,25.6,16.3,12.7,17.4,0.0,,1.11
237,2019-07-19,Peshwari Naan,6,2.95,7.0,0.0,77.0,25.6,16.3,12.7,17.4,0.0,,4.098
238,2019-07-19,Pilau Rice,14,2.95,7.0,0.0,77.0,25.6,16.3,12.7,17.4,0.0,,14.667
239,2019-07-19,Plain Naan,9,2.6,7.0,0.0,77.0,25.6,16.3,12.7,17.4,0.0,,10.125
240,2019-07-19,Plain Papadum,31,0.8,7.0,0.0,77.0,25.6,16.3,12.7,17.4,0.0,,27.474
241,2019-07-19,Plain Rice,4,2.95,7.0,0.0,77.0,25.6,16.3,12.7,17.4,0.0,,3.726
242,2019-07-19,Prawn Balti,1,10.95,7.0,0.0,77.0,25.6,16.3,12.7,17.4,0.0,,1.0
243,2019-07-19,Prawn Karahi,1,9.95,7.0,0.0,77.0,25.6,16.3,12.7,17.4,0.0,,1.003
244,2019-07-19,Prawn Puree,2,4.95,7.0,0.0,77.0,25.6,16.3,12.7,17.4,0.0,,1.011
245,2019-07-19,Raitha,1,2.95,7.0,0.0,77.0,25.6,16.3,12.7,17.4,0.0,,1.885
246,2019-07-19,Red Sauce,3,0.5,7.0,0.0,77.0,25.6,16.3,12.7,17.4,0.0,,3.281
247,2019-07-19,Royal Paneer,1,5.95,7.0,0.0,77.0,25.6,16.3,12.7,17.4,0.0,,1.15
248,2019-07-19,Saag Aloo,3,5.95,7.0,0.0,77.0,25.6,16.3,12.7,17.4,0.0,,2.465
249,2019-07-19,Saag Dall,1,5.95,7.0,0.0,77.0,25.6,16.3,12.7,17.4,0.0,,1.002
250,2019-07-19,Saag Paneer,1,5.95,7.0,0.0,77.0,25.6,16.3,12.7,17.4,0.0,,1.204
251,2019-07-19,Saag Rice,1,3.95,7.0,0.0,77.0,25.6,16.3,12.7,17.4,0.0,,1.053
252,2019-07-19,Sheek Kebab (Main),1,8.95,7.0,0.0,77.0,25.6,16.3,12.7,17.4,0.0,,1.008
253,2019-07-19,Tandoori Chicken (Main),1,8.95,7.0,0.0,77.0,25.6,16.3,12.7,17.4,0.0,,1.078
254,2019-07-19,Tandoori Fish,1,5.95,7.0,0.0,77.0,25.6,16.3,12.7,17.4,0.0,,1.002
255,2019-07-19,Tandoori Mixed Grill,1,11.95,7.0,0.0,77.0,25.6,16.3,12.7,17.4,0.0,,1.402
256,2019-07-19,Tandoori Roti,3,2.6,7.0,0.0,77.0,25.6,16.3,12.7,17.4,0.0,,3.019
257,2019-07-19,Vegetable Roll,1,4.95,7.0,0.0,77.0,25.6,16.3,12.7,17.4,0.0,,1.009
258,2019-07-19,Vindaloo - Chicken Tikka,1,7.95,7.0,0.0,77.0,25.6,16.3,12.7,17.4,0.0,,1.016
259,2019-07-19,Vindaloo - Lamb,1,7.95,7.0,0.0,77.0,25.6,16.3,12.7,17.4,0.0,,1.022
260,2019-07-20,Aloo Gobi,1,5.95,5.0,6.9,226.0,24.6,20.5,15.4,0.0,0.0,,2.418
261,2019-07-20,Baingan Hari Mirch,1,5.95,5.0,6.9,226.0,24.6,20.5,15.4,0.0,0.0,,1.03
262,2019-07-20,Bhuna - Chicken,2,8.95,5.0,6.9,226.0,24.6,20.5,15.4,0.0,0.0,,1.763
263,2019-07-20,Bombay Aloo,1,5.95,5.0,6.9,226.0,24.6,20.5,15.4,0.0,0.0,,1.639
264,2019-07-20,Butter Chicken,3,9.95,5.0,6.9,226.0,24.6,20.5,15.4,0.0,0.0,,2.31
265,2019-07-20,Cauliflower Bhajee,1,5.95,5.0,6.9,226.0,24.6,20.5,15.4,0.0,0.0,,1.096
266,2019-07-20,Chapati,1,1.95,5.0,6.9,226.0,24.6,20.5,15.4,0.0,0.0,,1.512
267,2019-07-20,Chicken Karahi,1,8.95,5.0,6.9,226.0,24.6,20.5,15.4,0.0,0.0,,1.053
268,2019-07-20,Chicken Pakora,1,5.95,5.0,6.9,226.0,24.6,20.5,15.4,0.0,0.0,,1.018
269,2019-07-20,Chicken Shashlick,1,9.95,5.0,6.9,226.0,24.6,20.5,15.4,0.0,0.0,,1.045
270,2019-07-20,Chicken Tikka,1,4.95,5.0,6.9,226.0,24.6,20.5,15.4,0.0,0.0,,1.292
271,2019-07-20,Chicken Tikka (Main),2,8.95,5.0,6.9,226.0,24.6,20.5,15.4,0.0,0.0,,1.688
272,2019-07-20,Chicken Tikka Biryani,3,10.95,5.0,6.9,226.0,24.6,20.5,15.4,0.0,0.0,,2.314
273,2019-07-20,Chicken Tikka Chilli Masala,1,8.95,5.0,6.9,226.0,24.6,20.5,15.4,0.0,0.0,,1.032
274,2019-07-20,Chicken Tikka Garlic,1,8.95,5.0,6.9,226.0,24.6,20.5,15.4,0.0,0.0,,1.018
275,2019-07-20,Chicken Tikka Masala,6,8.95,5.0,6.9,226.0,24.6,20.5,15.4,0.0,0.0,,3.45
276,2019-07-20,Chicken Tikka Sizzler,1,9.95,5.0,6.9,226.0,24.6,20.5,15.4,0.0,0.0,,1.036
277,2019-07-20,Curry - Chicken,1,7.95,5.0,6.9,226.0,24.6,20.5,15.4,0.0,0.0,,1.136
278,2019-07-20,Curry Sauce,1,3.95,5.0,6.9,226.0,24.6,20.5,15.4,0.0,0.0,,1.013
279,2019-07-20,French Fries,2,3.95,5.0,6.9,226.0,24.6,20.5,15.4,0.0,0.0,,1.735
280,2019-07-20,Garlic Naan,4,2.95,5.0,6.9,226.0,24.6,20.5,15.4,0.0,0.0,,2.275
281,2019-07-20,Green Salad,2,2.95,5.0,6.9,226.0,24.6,20.5,15.4,0.0,0.0,,1.708
282,2019-07-20,Keema Naan,2,2.95,5.0,6.9,226.0,24.6,20.5,15.4,0.0,0.0,,1.949
283,2019-07-20,Keema Rice,1,3.95,5.0,6.9,226.0,24.6,20.5,15.4,0.0,0.0,,1.166
284,2019-07-20,King Prawn Puree,1,5.95,5.0,6.9,226.0,24.6,20.5,15.4,0.0,0.0,,1.115
285,2019-07-20,Korma - Chicken,2,8.95,5.0,6.9,226.0,24.6,20.5,15.4,0.0,0.0,,1.848
286,2019-07-20,Lamb Achar,1,9.95,5.0,6.9,226.0,24.6,20.5,15.4,0.0,0.0,,1.042
287,2019-07-20,Lamb Tikka,1,4.95,5.0,6.9,226.0,24.6,20.5,15.4,0.0,0.0,,1.018
288,2019-07-20,Lamb Tikka Masala,1,8.95,5.0,6.9,226.0,24.6,20.5,15.4,0.0,0.0,,1.018
289,2019-07-20,Madras - Chicken,2,7.95,5.0,6.9,226.0,24.6,20.5,15.4,0.0,0.0,,1.1
290,2019-07-20,Madras Sauce,1,3.95,5.0,6.9,226.0,24.6,20.5,15.4,0.0,0.0,,1.013
291,2019-07-20,Mango Chutney,7,0.5,5.0,6.9,226.0,24.6,20.5,15.4,0.0,0.0,,5.786
292,2019-07-20,Meat Samosa,4,3.95,5.0,6.9,226.0,24.6,20.5,15.4,0.0,0.0,,1.488
293,2019-07-20,Mint Sauce,6,0.5,5.0,6.9,226.0,24.6,20.5,15.4,0.0,0.0,,5.158
294,2019-07-20,Mixed Vegetable Curry,1,5.95,5.0,6.9,226.0,24.6,20.5,15.4,0.0,0.0,,1.0
295,2019-07-20,Mushroom Bhajee,1,5.95,5.0,6.9,226.0,24.6,20.5,15.4,0.0,0.0,,1.025
296,2019-07-20,Mushroom Rice,3,3.95,5.0,6.9,226.0,24.6,20.5,15.4,0.0,0.0,,1.691
297,2019-07-20,Onion Bhajee,5,3.95,5.0,6.9,226.0,24.6,20.5,15.4,0.0,0.0,,4.375
298,2019-07-20,Onion Chutney,2,0.5,5.0,6.9,226.0,24.6,20.5,15.4,0.0,0.0,,3.537
299,2019-07-20,Onion Naan,1,2.95,5.0,6.9,226.0,24.6,20.5,15.4,0.0,0.0,,1.807
300,2019-07-20,Paneer Tikka Karahi,1,9.95,5.0,6.9,226.0,24.6,20.5,15.4,0.0,0.0,,1.037
301,2019-07-20,Paneer Tikka Masala,3,8.95,5.0,6.9,226.0,24.6,20.5,15.4,0.0,0.0,,2.339
302,2019-07-20,Paneer Tikka Sizzler,1,9.95,5.0,6.9,226.0,24.6,20.5,15.4,0.0,0.0,,1.028
303,2019-07-20,Pathia - Chicken,1,8.95,5.0,6.9,226.0,24.6,20.5,15.4,0.0,0.0,,1.026
304,2019-07-20,Peshwari Naan,3,2.95,5.0,6.9,226.0,24.6,20.5,15.4,0.0,0.0,,2.699
305,2019-07-20,Pilau Rice,14,2.95,5.0,6.9,226.0,24.6,20.5,15.4,0.0,0.0,,4.232
306,2019-07-20,Plain Naan,9,2.6,5.0,6.9,226.0,24.6,20.5,15.4,0.0,0.0,,2.513
307,2019-07-20,Plain Papadum,47,0.8,5.0,6.9,226.0,24.6,20.5,15.4,0.0,0.0,,5.991
308,2019-07-20,Plain Rice,3,2.95,5.0,6.9,226.0,24.6,20.5,15.4,0.0,0.0,,2.734
309,2019-07-20,Prawn Puree,1,4.95,5.0,6.9,226.0,24.6,20.5,15.4,0.0,0.0,,1.001
310,2019-07-20,Puree,2,1.95,5.0,6.9,226.0,24.6,20.5,15.4,0.0,0.0,,2.022
311,2019-07-20,Raitha,1,2.95,5.0,6.9,226.0,24.6,20.5,15.4,0.0,0.0,,1.477
312,2019-07-20,Red Sauce,2,0.5,5.0,6.9,226.0,24.6,20.5,15.4,0.0,0.0,,3.661
313,2019-07-20,Royal Paneer,1,5.95,5.0,6.9,226.0,24.6,20.5,15.4,0.0,0.0,,1.015
314,2019-07-20,Saag Aloo,5,5.95,5.0,6.9,226.0,24.6,20.5,15.4,0.0,0.0,,1.48
315,2019-07-20,Saag Paneer,1,5.95,5.0,6.9,226.0,24.6,20.5,15.4,0.0,0.0,,1.051
316,2019-07-20,Spicy Papadum,5,0.8,5.0,6.9,226.0,24.6,20.5,15.4,0.0,0.0,,4.131
317,2019-07-20,Tandoori Chicken (Main),2,8.95,5.0,6.9,226.0,24.6,20.5,15.4,0.0,0.0,,1.68
318,2019-07-20,Tandoori Mixed Grill,2,11.95,5.0,6.9,226.0,24.6,20.5,15.4,0.0,0.0,,1.684
319,2019-07-20,Tandoori Roti,1,2.6,5.0,6.9,226.0,24.6,20.5,15.4,0.0,0.0,,1.835
320,2019-07-20,Tarka Dall,1,5.95,5.0,6.9,226.0,24.6,20.5,15.4,0.0,0.0,,1.094
321,2019-07-20,Vegetable Rice,3,3.95,5.0,6.9,226.0,24.6,20.5,15.4,0.0,0.0,,1.692
322,2019-07-20,Vindaloo - Chicken,2,7.95,5.0,6.9,226.0,24.6,20.5,15.4,0.0,0.0,,1.814
323,2019-07-21,Bengal King Prawn,1,12.95,3.0,5.7,207.0,27.9,18.8,13.0,0.0,0.0,,1.068
324,2019-07-21,Bhuna - Chicken,3,8.95,3.0,5.7,207.0,27.9,18.8,13.0,0.0,0.0,,2.417
325,2019-07-21,Bhuna - Prawn,1,9.95,3.0,5.7,207.0,27.9,18.8,13.0,0.0,0.0,,1.006
326,2019-07-21,Bombay Aloo,2,5.95,3.0,5.7,207.0,27.9,18.8,13.0,0.0,0.0,,1.836
327,2019-07-21,Butter Chicken,5,9.95,3.0,5.7,207.0,27.9,18.8,13.0,0.0,0.0,,1.576
328,2019-07-21,Chana Masala,1,5.95,3.0,5.7,207.0,27.9,18.8,13.0,0.0,0.0,,1.006
329,2019-07-21,Chicken Haryali,1,9.95,3.0,5.7,207.0,27.9,18.8,13.0,0.0,0.0,,1.005
330,2019-07-21,Chicken Mysore,1,9.95,3.0,5.7,207.0,27.9,18.8,13.0,0.0,0.0,,1.008
331,2019-07-21,Chicken Rezala,1,9.95,3.0,5.7,207.0,27.9,18.8,13.0,0.0,0.0,,1.008
332,2019-07-21,Chicken Tikka Jalfrezi,1,8.95,3.0,5.7,207.0,27.9,18.8,13.0,0.0,0.0,,1.011
333,2019-07-21,Chicken Tikka Masala,1,8.95,3.0,5.7,207.0,27.9,18.8,13.0,0.0,0.0,,3.867
334,2019-07-21,Curry - Chicken Tikka,1,7.95,3.0,5.7,207.0,27.9,18.8,13.0,0.0,0.0,,1.001
335,2019-07-21,Curry - Lamb,1,7.95,3.0,5.7,207.0,27.9,18.8,13.0,0.0,0.0,,1.054
336,2019-07-21,Dhansak - King Prawn,2,12.95,3.0,5.7,207.0,27.9,18.8,13.0,0.0,0.0,,1.626
337,2019-07-21,French Fries,2,3.95,3.0,5.7,207.0,27.9,18.8,13.0,0.0,0.0,,1.818
338,2019-07-21,Garlic Naan,2,2.95,3.0,5.7,207.0,27.9,18.8,13.0,0.0,0.0,,2.034
339,2019-07-21,Keema Naan,1,2.95,3.0,5.7,207.0,27.9,18.8,13.0,0.0,0.0,,1.396
340,2019-07-21,King Prawn Puree,1,5.95,3.0,5.7,207.0,27.9,18.8,13.0,0.0,0.0,,1.265
341,2019-07-21,Korma - Chicken,1,8.95,3.0,5.7,207.0,27.9,18.8,13.0,0.0,0.0,,1.447
342,2019-07-21,Korma - Chicken Tikka,1,8.95,3.0,5.7,207.0,27.9,18.8,13.0,0.0,0.0,,1.063
343,2019-07-21,Korma Sauce,1,3.95,3.0,5.7,207.0,27.9,18.8,13.0,0.0,0.0,,1.119
344,2019-07-21,Lamb Balti,1,9.95,3.0,5.7,207.0,27.9,18.8,13.0,0.0,0.0,,1.008
345,2019-07-21,Lamb Biryani,3,9.95,3.0,5.7,207.0,27.9,18.8,13.0,0.0,0.0,,3.068
346,2019-07-21,Lamb Tikka Garlic,1,8.95,3.0,5.7,207.0,27.9,18.8,13.0,0.0,0.0,,1.013
347,2019-07-21,Lime Pickle,1,0.5,3.0,5.7,207.0,27.9,18.8,13.0,0.0,0.0,,1.326
348,2019-07-21,Madras - Chicken,1,7.95,3.0,5.7,207.0,27.9,18.8,13.0,0.0,0.0,,1.125
349,2019-07-21,Madras - Lamb,1,7.95,3.0,5.7,207.0,27.9,18.8,13.0,0.0,0.0,,1.001
350,2019-07-21,Mango Chutney,3,0.5,3.0,5.7,207.0,27.9,18.8,13.0,0.0,0.0,,2.859
351,2019-07-21,Mint Sauce,1,0.5,3.0,5.7,207.0,27.9,18.8,13.0,0.0,0.0,,2.998
352,2019-07-21,Mixed Starter,1,5.95,3.0,5.7,207.0,27.9,18.8,13.0,0.0,0.0,,1.004
353,2019-07-21,Mushroom Rice,2,3.95,3.0,5.7,207.0,27.9,18.8,13.0,0.0,0.0,,1.93
354,2019-07-21,Onion Bhajee,2,3.95,3.0,5.7,207.0,27.9,18.8,13.0,0.0,0.0,,2.899
355,2019-07-21,Onion Chutney,1,0.5,3.0,5.7,207.0,27.9,18.8,13.0,0.0,0.0,,1.454
356,2019-07-21,Paratha,3,2.95,3.0,5.7,207.0,27.9,18.8,13.0,0.0,0.0,,2.472
357,2019-07-21,Peshwari Naan,3,2.95,3.0,5.7,207.0,27.9,18.8,13.0,0.0,0.0,,2.935
358,2019-07-21,Pilau Rice,6,2.95,3.0,5.7,207.0,27.9,18.8,13.0,0.0,0.0,,5.588
359,2019-07-21,Plain Naan,6,2.6,3.0,5.7,207.0,27.9,18.8,13.0,0.0,0.0,,5.021
360,2019-07-21,Plain Papadum,6,0.8,3.0,5.7,207.0,27.9,18.8,13.0,0.0,0.0,,6.93
361,2019-07-21,Plain Rice,1,2.95,3.0,5.7,207.0,27.9,18.8,13.0,0.0,0.0,,2.222
362,2019-07-21,Prawn Puree,1,4.95,3.0,5.7,207.0,27.9,18.8,13.0,0.0,0.0,,1.006
363,2019-07-21,Puree,1,1.95,3.0,5.7,207.0,27.9,18.8,13.0,0.0,0.0,,1.915
364,2019-07-21,Royal Paneer,1,5.95,3.0,5.7,207.0,27.9,18.8,13.0,0.0,0.0,,1.005
365,2019-07-21,Saag Aloo,1,5.95,3.0,5.7,207.0,27.9,18.8,13.0,0.0,0.0,,1.425
366,2019-07-21,Saag Rice,1,3.95,3.0,5.7,207.0,27.9,18.8,13.0,0.0,0.0,,1.021
367,2019-07-21,Sheek Kebab,1,4.95,3.0,5.7,207.0,27.9,18.8,13.0,0.0,0.0,,1.082
368,2019-07-21,Special Fried Rice,2,3.95,3.0,5.7,207.0,27.9,18.8,13.0,0.0,0.0,,2.065
369,2019-07-21,Tandoori Mixed Grill,3,11.95,3.0,5.7,207.0,27.9,18.8,13.0,0.0,0.0,,2.504
370,2019-07-21,Vegetable Biryani,1,9.95,3.0,5.7,207.0,27.9,18.8,13.0,0.0,0.0,,1.486
371,2019-07-21,Vegetable Rice,1,3.95,3.0,5.7,207.0,27.9,18.8,13.0,0.0,0.0,,1.692
372,2019-07-22,Aloo Chaat,1,4.95,5.0,7.1,228.0,33.6,22.1,16.4,0.0,0.0,,1.088
373,2019-07-22,Chapati,4,1.95,5.0,7.1,228.0,33.6,22.1,16.4,0.0,0.0,,3.048
374,2019-07-22,Chicken Balti,1,9.95,5.0,7.1,228.0,33.6,22.1,16.4,0.0,0.0,,1.086
375,2019-07-22,Chicken Biryani,1,9.95,5.0,7.1,228.0,33.6,22.1,16.4,0.0,0.0,,1.177
376,2019-07-22,Chicken Karahi,1,8.95,5.0,7.1,228.0,33.6,22.1,16.4,0.0,0.0,,1.017
377,2019-07-22,Curry Sauce,1,3.95,5.0,7.1,228.0,33.6,22.1,16.4,0.0,0.0,,1.011
378,2019-07-22,Garlic Naan,2,2.95,5.0,7.1,228.0,33.6,22.1,16.4,0.0,0.0,,2.122
379,2019-07-22,Garlic Rice,1,3.95,5.0,7.1,228.0,33.6,22.1,16.4,0.0,0.0,,1.005
380,2019-07-22,Madras - Chicken,1,7.95,5.0,7.1,228.0,33.6,22.1,16.4,0.0,0.0,,1.006
381,2019-07-22,Madras - King Prawn,1,11.95,5.0,7.1,228.0,33.6,22.1,16.4,0.0,0.0,,1.002
382,2019-07-22,Mint Sauce,1,0.5,5.0,7.1,228.0,33.6,22.1,16.4,0.0,0.0,,2.469
383,2019-07-22,Onion Chutney,1,0.5,5.0,7.1,228.0,33.6,22.1,16.4,0.0,0.0,,1.221
384,2019-07-22,Persian Lamb Biryani,1,10.95,5.0,7.1,228.0,33.6,22.1,16.4,0.0,0.0,,1.0
385,2019-07-22,Pilau Rice,2,2.95,5.0,7.1,228.0,33.6,22.1,16.4,0.0,0.0,,2.997
386,2019-07-22,Plain Naan,1,2.6,5.0,7.1,228.0,33.6,22.1,16.4,0.0,0.0,,1.591
387,2019-07-22,Plain Papadum,1,0.8,5.0,7.1,228.0,33.6,22.1,16.4,0.0,0.0,,2.996
388,2019-07-22,Red Sauce,1,0.5,5.0,7.1,228.0,33.6,22.1,16.4,0.0,0.0,,1.264
389,2019-07-22,Sheek Kebab,1,4.95,5.0,7.1,228.0,33.6,22.1,16.4,0.0,0.0,,1.122
390,2019-07-22,Spicy Papadum,2,0.8,5.0,7.1,228.0,33.6,22.1,16.4,0.0,0.0,,1.934
391,2019-07-22,Tarka Dall,1,5.95,5.0,7.1,228.0,33.6,22.1,16.4,0.0,0.0,,1.074
392,2019-07-22,Vegetable Biryani,1,9.95,5.0,7.1,228.0,33.6,22.1,16.4,0.0,0.0,,1.38
393,2019-07-22,Vindaloo - Chicken,1,7.95,5.0,7.1,228.0,33.6,22.1,16.4,0.0,0.0,,1.244
394,2019-07-23,Bombay Aloo,2,5.95,0.0,13.2,307.0,32.8,24.6,15.7,0.8,0.0,,1.817
395,2019-07-23,Chana Masala,1,5.95,0.0,13.2,307.0,32.8,24.6,15.7,0.8,0.0,,1.002
396,2019-07-23,Chapati,1,1.95,0.0,13.2,307.0,32.8,24.6,15.7,0.8,0.0,,1.415
397,2019-07-23,Chicken Chilli Garlic,2,9.95,0.0,13.2,307.0,32.8,24.6,15.7,0.8,0.0,,1.704
398,2019-07-23,Chicken Shashlick,1,9.95,0.0,13.2,307.0,32.8,24.6,15.7,0.8,0.0,,1.008
399,2019-07-23,Chicken Tikka (Main),1,8.95,0.0,13.2,307.0,32.8,24.6,15.7,0.8,0.0,,1.107
400,2019-07-23,Chicken Tikka Biryani,1,10.95,0.0,13.2,307.0,32.8,24.6,15.7,0.8,0.0,,1.244
401,2019-07-23,Chicken Tikka Masala,4,8.95,0.0,13.2,307.0,32.8,24.6,15.7,0.8,0.0,,3.975
402,2019-07-23,Chicken Tikka Pasanda,1,8.95,0.0,13.2,307.0,32.8,24.6,15.7,0.8,0.0,,1.0
403,2019-07-23,Curry - Chicken Tikka,1,7.95,0.0,13.2,307.0,32.8,24.6,15.7,0.8,0.0,,1.0
404,2019-07-23,Curry - King Prawn,1,11.95,0.0,13.2,307.0,32.8,24.6,15.7,0.8,0.0,,1.002
405,2019-07-23,Curry - Lamb,1,7.95,0.0,13.2,307.0,32.8,24.6,15.7,0.8,0.0,,1.003
406,2019-07-23,Dupiaza - Chicken,1,8.95,0.0,13.2,307.0,32.8,24.6,15.7,0.8,0.0,,1.14
407,2019-07-23,Garlic Naan,4,2.95,0.0,13.2,307.0,32.8,24.6,15.7,0.8,0.0,,3.04
408,2019-07-23,Garlic Rice,1,3.95,0.0,13.2,307.0,32.8,24.6,15.7,0.8,0.0,,1.025
409,2019-07-23,King Prawn Shaslick,1,12.95,0.0,13.2,307.0,32.8,24.6,15.7,0.8,0.0,,7.05
410,2019-07-23,Korma - Chicken,1,8.95,0.0,13.2,307.0,32.8,24.6,15.7,0.8,0.0,,1.108
411,2019-07-23,Lamb Balti,1,9.95,0.0,13.2,307.0,32.8,24.6,15.7,0.8,0.0,,1.0
412,2019-07-23,Lamb Tikka Pasanda,1,8.95,0.0,13.2,307.0,32.8,24.6,15.7,0.8,0.0,,1.0
413,2019-07-23,Madras - Chicken,1,7.95,0.0,13.2,307.0,32.8,24.6,15.7,0.8,0.0,,1.016
414,2019-07-23,Mango Chutney,2,0.5,0.0,13.2,307.0,32.8,24.6,15.7,0.8,0.0,,2.029
415,2019-07-23,Masala Sauce,1,3.95,0.0,13.2,307.0,32.8,24.6,15.7,0.8,0.0,,1.026
416,2019-07-23,Mint Sauce,2,0.5,0.0,13.2,307.0,32.8,24.6,15.7,0.8,0.0,,2.112
417,2019-07-23,Mushroom Bhajee,1,5.95,0.0,13.2,307.0,32.8,24.6,15.7,0.8,0.0,,1.034
418,2019-07-23,Mushroom Rice,2,3.95,0.0,13.2,307.0,32.8,24.6,15.7,0.8,0.0,,1.754
419,2019-07-23,Onion Bhajee,3,3.95,0.0,13.2,307.0,32.8,24.6,15.7,0.8,0.0,,2.566
420,2019-07-23,Peshwari Naan,2,2.95,0.0,13.2,307.0,32.8,24.6,15.7,0.8,0.0,,2.012
421,2019-07-23,Pilau Rice,4,2.95,0.0,13.2,307.0,32.8,24.6,15.7,0.8,0.0,,4.105
422,2019-07-23,Plain Naan,3,2.6,0.0,13.2,307.0,32.8,24.6,15.7,0.8,0.0,,2.722
423,2019-07-23,Plain Rice,1,2.95,0.0,13.2,307.0,32.8,24.6,15.7,0.8,0.0,,1.475
424,2019-07-23,Red Sauce,1,0.5,0.0,13.2,307.0,32.8,24.6,15.7,0.8,0.0,,1.176
425,2019-07-23,Royal Paneer,2,5.95,0.0,13.2,307.0,32.8,24.6,15.7,0.8,0.0,,1.026
426,2019-07-23,Saag Aloo,1,5.95,0.0,13.2,307.0,32.8,24.6,15.7,0.8,0.0,,1.382
427,2019-07-23,Saag Rice,1,3.95,0.0,13.2,307.0,32.8,24.6,15.7,0.8,0.0,,1.023
428,2019-07-23,Spicy Papadum,1,0.8,0.0,13.2,307.0,32.8,24.6,15.7,0.8,0.0,,1.257
429,2019-07-23,Tarka Dall,1,5.95,0.0,13.2,307.0,32.8,24.6,15.7,0.8,0.0,,1.087
430,2019-07-23,Vegetable Roll,1,4.95,0.0,13.2,307.0,32.8,24.6,15.7,0.8,0.0,,1.005
431,2019-07-24,Bombay Aloo,1,5.95,2.0,12.2,294.0,37.9,26.4,20.0,0.0,0.0,,1.372
432,2019-07-24,Butter Chicken,2,9.95,2.0,12.2,294.0,37.9,26.4,20.0,0.0,0.0,,1.258
433,2019-07-24,Chicken Chaat,1,4.95,2.0,12.2,294.0,37.9,26.4,20.0,0.0,0.0,,1.03
434,2019-07-24,Chicken Pakora,1,5.95,2.0,12.2,294.0,37.9,26.4,20.0,0.0,0.0,,1.086
435,2019-07-24,Chicken Tikka,3,4.95,2.0,12.2,294.0,37.9,26.4,20.0,0.0,0.0,,2.34
436,2019-07-24,Chicken Tikka Biryani,1,10.95,2.0,12.2,294.0,37.9,26.4,20.0,0.0,0.0,,1.25
437,2019-07-24,Chicken Tikka Jalfrezi,1,8.95,2.0,12.2,294.0,37.9,26.4,20.0,0.0,0.0,,1.005
438,2019-07-24,French Fries,2,3.95,2.0,12.2,294.0,37.9,26.4,20.0,0.0,0.0,,1.765
439,2019-07-24,Garlic Naan,6,2.95,2.0,12.2,294.0,37.9,26.4,20.0,0.0,0.0,,2.02
440,2019-07-24,Keema Naan,1,2.95,2.0,12.2,294.0,37.9,26.4,20.0,0.0,0.0,,1.173
441,2019-07-24,King Prawn Puree,2,5.95,2.0,12.2,294.0,37.9,26.4,20.0,0.0,0.0,,1.706
442,2019-07-24,Korma - Chicken,1,8.95,2.0,12.2,294.0,37.9,26.4,20.0,0.0,0.0,,1.16
443,2019-07-24,Lamb Biryani,1,9.95,2.0,12.2,294.0,37.9,26.4,20.0,0.0,0.0,,1.374
444,2019-07-24,Lamb Chilli Garlic,1,9.95,2.0,12.2,294.0,37.9,26.4,20.0,0.0,0.0,,1.001
445,2019-07-24,Lamb Tikka (Main),1,8.95,2.0,12.2,294.0,37.9,26.4,20.0,0.0,0.0,,1.006
446,2019-07-24,Lamb Tikka Masala,1,8.95,2.0,12.2,294.0,37.9,26.4,20.0,0.0,0.0,,1.006
447,2019-07-24,Madras - Chicken,1,7.95,2.0,12.2,294.0,37.9,26.4,20.0,0.0,0.0,,1.047
448,2019-07-24,Mango Chutney,1,0.5,2.0,12.2,294.0,37.9,26.4,20.0,0.0,0.0,,1.517
449,2019-07-24,Masala Sauce,1,3.95,2.0,12.2,294.0,37.9,26.4,20.0,0.0,0.0,,1.029
450,2019-07-24,Meat Samosa,1,3.95,2.0,12.2,294.0,37.9,26.4,20.0,0.0,0.0,,1.245
451,2019-07-24,Mint Sauce,1,0.5,2.0,12.2,294.0,37.9,26.4,20.0,0.0,0.0,,1.888
452,2019-07-24,Onion Bhajee,1,3.95,2.0,12.2,294.0,37.9,26.4,20.0,0.0,0.0,,1.605
453,2019-07-24,Onion Chutney,1,0.5,2.0,12.2,294.0,37.9,26.4,20.0,0.0,0.0,,1.045
454,2019-07-24,Onion Naan,1,2.95,2.0,12.2,294.0,37.9,26.4,20.0,0.0,0.0,,1.117
455,2019-07-24,Paneer Shaslick,1,9.95,2.0,12.2,294.0,37.9,26.4,20.0,0.0,0.0,,1.001
456,2019-07-24,Pilau Rice,3,2.95,2.0,12.2,294.0,37.9,26.4,20.0,0.0,0.0,,3.366
457,2019-07-24,Plain Naan,2,2.6,2.0,12.2,294.0,37.9,26.4,20.0,0.0,0.0,,2.275
458,2019-07-24,Plain Papadum,5,0.8,2.0,12.2,294.0,37.9,26.4,20.0,0.0,0.0,,4.83
459,2019-07-24,Plain Rice,2,2.95,2.0,12.2,294.0,37.9,26.4,20.0,0.0,0.0,,1.88
460,2019-07-24,Royal Paneer,1,5.95,2.0,12.2,294.0,37.9,26.4,20.0,0.0,0.0,,1.05
461,2019-07-24,Tandoori Chicken (Main),2,8.95,2.0,12.2,294.0,37.9,26.4,20.0,0.0,0.0,,1.673
462,2019-07-24,Tandoori Mixed Grill,1,11.95,2.0,12.2,294.0,37.9,26.4,20.0,0.0,0.0,,1.965
463,2019-07-25,Bombay Aloo,2,5.95,2.0,9.5,259.0,25.7,28.8,19.7,3.8,0.0,,1.846
464,2019-07-25,Bottle Coke,1,2.95,2.0,9.5,259.0,25.7,28.8,19.7,3.8,0.0,,1.022
465,2019-07-25,Butter Chicken,1,9.95,2.0,9.5,259.0,25.7,28.8,19.7,3.8,0.0,,1.183
466,2019-07-25,COBRA ( LARGE ),1,5.95,2.0,9.5,259.0,25.7,28.8,19.7,3.8,0.0,,1.357
467,2019-07-25,Chapati,1,1.95,2.0,9.5,259.0,25.7,28.8,19.7,3.8,0.0,,1.236
468,2019-07-25,Chicken Balti,1,9.95,2.0,9.5,259.0,25.7,28.8,19.7,3.8,0.0,,1.095
469,2019-07-25,Chicken Biryani,1,9.95,2.0,9.5,259.0,25.7,28.8,19.7,3.8,0.0,,1.186
470,2019-07-25,Chicken Hari Mirch,1,9.95,2.0,9.5,259.0,25.7,28.8,19.7,3.8,0.0,,1.0
471,2019-07-25,Chicken Haryali,1,9.95,2.0,9.5,259.0,25.7,28.8,19.7,3.8,0.0,,1.0
472,2019-07-25,Chicken Shashlick Curry,1,12.95,2.0,9.5,259.0,25.7,28.8,19.7,3.8,0.0,,1.005
473,2019-07-25,Chicken Tikka,1,4.95,2.0,9.5,259.0,25.7,28.8,19.7,3.8,0.0,,1.379
474,2019-07-25,Chicken Tikka Masala,1,8.95,2.0,9.5,259.0,25.7,28.8,19.7,3.8,0.0,,2.014
475,2019-07-25,French Fries,1,3.95,2.0,9.5,259.0,25.7,28.8,19.7,3.8,0.0,,1.257
476,2019-07-25,Garlic Naan,1,2.95,2.0,9.5,259.0,25.7,28.8,19.7,3.8,0.0,,1.428
477,2019-07-25,Keema Naan,1,2.95,2.0,9.5,259.0,25.7,28.8,19.7,3.8,0.0,,1.096
478,2019-07-25,Korma - Chicken,1,8.95,2.0,9.5,259.0,25.7,28.8,19.7,3.8,0.0,,1.109
479,2019-07-25,Lamb Balti,1,9.95,2.0,9.5,259.0,25.7,28.8,19.7,3.8,0.0,,1.0
480,2019-07-25,Lamb Biryani,1,9.95,2.0,9.5,259.0,25.7,28.8,19.7,3.8,0.0,,1.222
481,2019-07-25,Lemon Rice,1,3.95,2.0,9.5,259.0,25.7,28.8,19.7,3.8,0.0,,1.004
482,2019-07-25,Lime Pickle,1,0.5,2.0,9.5,259.0,25.7,28.8,19.7,3.8,0.0,,1.021
483,2019-07-25,Madras - Chicken,1,7.95,2.0,9.5,259.0,25.7,28.8,19.7,3.8,0.0,,1.082
484,2019-07-25,Mango Chutney,3,0.5,2.0,9.5,259.0,25.7,28.8,19.7,3.8,0.0,,2.491
485,2019-07-25,Meat Samosa,2,3.95,2.0,9.5,259.0,25.7,28.8,19.7,3.8,0.0,,1.732
486,2019-07-25,Mint Sauce,1,0.5,2.0,9.5,259.0,25.7,28.8,19.7,3.8,0.0,,1.756
487,2019-07-25,Mushroom Rice,1,3.95,2.0,9.5,259.0,25.7,28.8,19.7,3.8,0.0,,1.303
488,2019-07-25,Onion Bhajee,1,3.95,2.0,9.5,259.0,25.7,28.8,19.7,3.8,0.0,,1.713
489,2019-07-25,Onion Chutney,1,0.5,2.0,9.5,259.0,25.7,28.8,19.7,3.8,0.0,,1.03
490,2019-07-25,Onion Rice,1,3.95,2.0,9.5,259.0,25.7,28.8,19.7,3.8,0.0,,1.006
491,2019-07-25,Paneer Tikka Balti,1,10.95,2.0,9.5,259.0,25.7,28.8,19.7,3.8,0.0,,1.002
492,2019-07-25,Peshwari Naan,1,2.95,2.0,9.5,259.0,25.7,28.8,19.7,3.8,0.0,,1.346
493,2019-07-25,Pilau Rice,1,2.95,2.0,9.5,259.0,25.7,28.8,19.7,3.8,0.0,,3.877
494,2019-07-25,Plain Naan,7,2.6,2.0,9.5,259.0,25.7,28.8,19.7,3.8,0.0,,2.173
495,2019-07-25,Plain Papadum,8,0.8,2.0,9.5,259.0,25.7,28.8,19.7,3.8,0.0,,5.16
496,2019-07-25,Plain Rice,2,2.95,2.0,9.5,259.0,25.7,28.8,19.7,3.8,0.0,,1.805
497,2019-07-25,Puree,3,1.95,2.0,9.5,259.0,25.7,28.8,19.7,3.8,0.0,,2.251
498,2019-07-25,Red Sauce,1,0.5,2.0,9.5,259.0,25.7,28.8,19.7,3.8,0.0,,1.05
499,2019-07-25,Royal Paneer,1,5.95,2.0,9.5,259.0,25.7,28.8,19.7,3.8,0.0,,1.09
500,2019-07-25,Saag Aloo,3,5.95,2.0,9.5,259.0,25.7,28.8,19.7,3.8,0.0,,2.359
501,2019-07-25,Saag Paneer,1,5.95,2.0,9.5,259.0,25.7,28.8,19.7,3.8,0.0,,1.047
502,2019-07-25,Saag Rice,1,3.95,2.0,9.5,259.0,25.7,28.8,19.7,3.8,0.0,,1.003
503,2019-07-25,Spicy Papadum,1,0.8,2.0,9.5,259.0,25.7,28.8,19.7,3.8,0.0,,1.176
504,2019-07-25,Tandoori King Prawn Garlic,1,12.95,2.0,9.5,259.0,25.7,28.8,19.7,3.8,0.0,,1.005
505,2019-07-25,Tandoori Mixed Grill,2,11.95,2.0,9.5,259.0,25.7,28.8,19.7,3.8,0.0,,1.908
506,2019-07-25,Tandoori Roti,1,2.6,2.0,9.5,259.0,25.7,28.8,19.7,3.8,0.0,,1.048
507,2019-07-25,Vegetable Biryani,6,9.95,2.0,9.5,259.0,25.7,28.8,19.7,3.8,0.0,,4.225
508,2019-07-25,Vegetable Rice,1,3.95,2.0,9.5,259.0,25.7,28.8,19.7,3.8,0.0,,1.301
509,2019-07-25,Vindaloo - Chicken,1,7.95,2.0,9.5,259.0,25.7,28.8,19.7,3.8,0.0,,1.112
510,2019-07-26,Aloo Gobi,3,5.95,8.0,0.7,105.0,20.3,22.2,18.7,14.4,0.0,,3.109
511,2019-07-26,Bhuna - Chicken Tikka,1,8.95,8.0,0.7,105.0,20.3,22.2,18.7,14.4,0.0,,1.063
512,2019-07-26,Bhuna - Lamb,1,8.95,8.0,0.7,105.0,20.3,22.2,18.7,14.4,0.0,,1.1
513,2019-07-26,Bhuna - Prawn,1,9.95,8.0,0.7,105.0,20.3,22.2,18.7,14.4,0.0,,1.0
514,2019-07-26,Bombay Aloo,3,5.95,8.0,0.7,105.0,20.3,22.2,18.7,14.4,0.0,,2.157
515,2019-07-26,Bottle Coke,1,2.95,8.0,0.7,105.0,20.3,22.2,18.7,14.4,0.0,,1.263
516,2019-07-26,Butter Chicken,1,9.95,8.0,0.7,105.0,20.3,22.2,18.7,14.4,0.0,,1.273
517,2019-07-26,COBRA (330ML),1,3.95,8.0,0.7,105.0,20.3,22.2,18.7,14.4,0.0,,1.008
518,2019-07-26,Cauliflower Bhajee,3,5.95,8.0,0.7,105.0,20.3,22.2,18.7,14.4,0.0,,2.28
519,2019-07-26,Chapati,3,1.95,8.0,0.7,105.0,20.3,22.2,18.7,14.4,0.0,,2.781
520,2019-07-26,Chicken Balti,2,9.95,8.0,0.7,105.0,20.3,22.2,18.7,14.4,0.0,,1.691
521,2019-07-26,Chicken Biryani,1,9.95,8.0,0.7,105.0,20.3,22.2,18.7,14.4,0.0,,2.374
522,2019-07-26,Chicken Chilli Garlic,1,9.95,8.0,0.7,105.0,20.3,22.2,18.7,14.4,0.0,,1.298
523,2019-07-26,Chicken Haryali,1,9.95,8.0,0.7,105.0,20.3,22.2,18.7,14.4,0.0,,1.0
524,2019-07-26,Chicken Pakora,3,5.95,8.0,0.7,105.0,20.3,22.2,18.7,14.4,0.0,,2.252
525,2019-07-26,Chicken Shashlick,1,9.95,8.0,0.7,105.0,20.3,22.2,18.7,14.4,0.0,,1.061
526,2019-07-26,Chicken Tikka,4,4.95,8.0,0.7,105.0,20.3,22.2,18.7,14.4,0.0,,1.701
527,2019-07-26,Chicken Tikka (Main),1,8.95,8.0,0.7,105.0,20.3,22.2,18.7,14.4,0.0,,1.823
528,2019-07-26,Chicken Tikka Balti,3,10.95,8.0,0.7,105.0,20.3,22.2,18.7,14.4,0.0,,1.0
529,2019-07-26,Chicken Tikka Biryani,2,10.95,8.0,0.7,105.0,20.3,22.2,18.7,14.4,0.0,,1.314
530,2019-07-26,Chicken Tikka Masala,10,8.95,8.0,0.7,105.0,20.3,22.2,18.7,14.4,0.0,,7.712
531,2019-07-26,Chicken Tikka Pasanda,1,8.95,8.0,0.7,105.0,20.3,22.2,18.7,14.4,0.0,,1.001
532,2019-07-26,Curry - Chicken,5,7.95,8.0,0.7,105.0,20.3,22.2,18.7,14.4,0.0,,3.596
533,2019-07-26,Curry - Lamb,1,7.95,8.0,0.7,105.0,20.3,22.2,18.7,14.4,0.0,,1.071
534,2019-07-26,Dhansak - Chicken,1,8.95,8.0,0.7,105.0,20.3,22.2,18.7,14.4,0.0,,1.164
535,2019-07-26,Dhansak Sauce,1,3.95,8.0,0.7,105.0,20.3,22.2,18.7,14.4,0.0,,1.132
536,2019-07-26,Egg Paratha,1,3.95,8.0,0.7,105.0,20.3,22.2,18.7,14.4,0.0,,1.012
537,2019-07-26,French Fries,1,3.95,8.0,0.7,105.0,20.3,22.2,18.7,14.4,0.0,,1.337
538,2019-07-26,Garlic Naan,4,2.95,8.0,0.7,105.0,20.3,22.2,18.7,14.4,0.0,,3.869
539,2019-07-26,Garlic Rice,1,3.95,8.0,0.7,105.0,20.3,22.2,18.7,14.4,0.0,,1.008
540,2019-07-26,Green Salad,1,2.95,8.0,0.7,105.0,20.3,22.2,18.7,14.4,0.0,,1.223
541,2019-07-26,Hazary Lamb Chilli Garlic,1,12.95,8.0,0.7,105.0,20.3,22.2,18.7,14.4,0.0,,1.025
542,2019-07-26,Keema Naan,2,2.95,8.0,0.7,105.0,20.3,22.2,18.7,14.4,0.0,,1.891
543,2019-07-26,Keema Rice,3,3.95,8.0,0.7,105.0,20.3,22.2,18.7,14.4,0.0,,1.208
544,2019-07-26,Korma - Chicken,2,8.95,8.0,0.7,105.0,20.3,22.2,18.7,14.4,0.0,,2.328
545,2019-07-26,Lamb Biryani,1,9.95,8.0,0.7,105.0,20.3,22.2,18.7,14.4,0.0,,2.069
546,2019-07-26,Lamb Hari Mirch,1,9.95,8.0,0.7,105.0,20.3,22.2,18.7,14.4,0.0,,1.0
547,2019-07-26,Lamb Karahi,1,8.95,8.0,0.7,105.0,20.3,22.2,18.7,14.4,0.0,,1.001
548,2019-07-26,Lamb Shashlick Curry,1,12.95,8.0,0.7,105.0,20.3,22.2,18.7,14.4,0.0,,1.025
549,2019-07-26,Lamb Tikka (Main),1,8.95,8.0,0.7,105.0,20.3,22.2,18.7,14.4,0.0,,1.003
550,2019-07-26,Lamb Tikka Jalfrezi,1,8.95,8.0,0.7,105.0,20.3,22.2,18.7,14.4,0.0,,1.0
551,2019-07-26,Lamb Tikka Masala,1,8.95,8.0,0.7,105.0,20.3,22.2,18.7,14.4,0.0,,1.003
552,2019-07-26,Lime Pickle,2,0.5,8.0,0.7,105.0,20.3,22.2,18.7,14.4,0.0,,2.077
553,2019-07-26,Madras - Chicken,3,7.95,8.0,0.7,105.0,20.3,22.2,18.7,14.4,0.0,,2.431
554,2019-07-26,Madras - Prawn,1,8.95,8.0,0.7,105.0,20.3,22.2,18.7,14.4,0.0,,1.003
555,2019-07-26,Mango Chutney,7,0.5,8.0,0.7,105.0,20.3,22.2,18.7,14.4,0.0,,6.234
556,2019-07-26,Meat Samosa,3,3.95,8.0,0.7,105.0,20.3,22.2,18.7,14.4,0.0,,2.61
557,2019-07-26,Mint Sauce,6,0.5,8.0,0.7,105.0,20.3,22.2,18.7,14.4,0.0,,4.313
558,2019-07-26,Mixed Starter,1,5.95,8.0,0.7,105.0,20.3,22.2,18.7,14.4,0.0,,1.048
559,2019-07-26,Mushroom Rice,1,3.95,8.0,0.7,105.0,20.3,22.2,18.7,14.4,0.0,,2.504
560,2019-07-26,Onion Bhajee,4,3.95,8.0,0.7,105.0,20.3,22.2,18.7,14.4,0.0,,4.826
561,2019-07-26,Onion Chutney,1,0.5,8.0,0.7,105.0,20.3,22.2,18.7,14.4,0.0,,1.669
562,2019-07-26,Onion Rice,1,3.95,8.0,0.7,105.0,20.3,22.2,18.7,14.4,0.0,,1.057
563,2019-07-26,Paneer Tikka Balti,1,10.95,8.0,0.7,105.0,20.3,22.2,18.7,14.4,0.0,,1.0
564,2019-07-26,Paneer Tikka Masala,1,8.95,8.0,0.7,105.0,20.3,22.2,18.7,14.4,0.0,,1.144
565,2019-07-26,Paratha,1,2.95,8.0,0.7,105.0,20.3,22.2,18.7,14.4,0.0,,1.345
566,2019-07-26,Peshwari Naan,3,2.95,8.0,0.7,105.0,20.3,22.2,18.7,14.4,0.0,,3.186
567,2019-07-26,Pilau Rice,18,2.95,8.0,0.7,105.0,20.3,22.2,18.7,14.4,0.0,,15.945
568,2019-07-26,Plain Naan,14,2.6,8.0,0.7,105.0,20.3,22.2,18.7,14.4,0.0,,11.253
569,2019-07-26,Plain Papadum,19,0.8,8.0,0.7,105.0,20.3,22.2,18.7,14.4,0.0,,19.901
570,2019-07-26,Plain Rice,7,2.95,8.0,0.7,105.0,20.3,22.2,18.7,14.4,0.0,,3.029
571,2019-07-26,Prawn Biryani,1,10.95,8.0,0.7,105.0,20.3,22.2,18.7,14.4,0.0,,1.0
572,2019-07-26,Prawn Puree,1,4.95,8.0,0.7,105.0,20.3,22.2,18.7,14.4,0.0,,1.032
573,2019-07-26,Red Sauce,5,0.5,8.0,0.7,105.0,20.3,22.2,18.7,14.4,0.0,,3.915
574,2019-07-26,Royal Paneer,2,5.95,8.0,0.7,105.0,20.3,22.2,18.7,14.4,0.0,,1.656
575,2019-07-26,Saag Aloo,5,5.95,8.0,0.7,105.0,20.3,22.2,18.7,14.4,0.0,,2.147
576,2019-07-26,Saag Dall,1,5.95,8.0,0.7,105.0,20.3,22.2,18.7,14.4,0.0,,1.058
577,2019-07-26,Saag Rice,1,3.95,8.0,0.7,105.0,20.3,22.2,18.7,14.4,0.0,,1.01
578,2019-07-26,Sheek Kebab,2,4.95,8.0,0.7,105.0,20.3,22.2,18.7,14.4,0.0,,1.267
579,2019-07-26,Special Fried Rice,3,3.95,8.0,0.7,105.0,20.3,22.2,18.7,14.4,0.0,,2.484
580,2019-07-26,Spicy Papadum,3,0.8,8.0,0.7,105.0,20.3,22.2,18.7,14.4,0.0,,2.779
581,2019-07-26,Stuffed Paratha,1,3.95,8.0,0.7,105.0,20.3,22.2,18.7,14.4,0.0,,1.012
582,2019-07-26,Tandoori Mixed Grill,3,11.95,8.0,0.7,105.0,20.3,22.2,18.7,14.4,0.0,,2.443
583,2019-07-26,Tandoori Roti,1,2.6,8.0,0.7,105.0,20.3,22.2,18.7,14.4,0.0,,1.785
584,2019-07-26,Tarka Dall,3,5.95,8.0,0.7,105.0,20.3,22.2,18.7,14.4,0.0,,1.268
585,2019-07-26,Vegetable Rice,1,3.95,8.0,0.7,105.0,20.3,22.2,18.7,14.4,0.0,,1.431
586,2019-07-27,Aloo Gobi,4,5.95,8.0,0.0,74.0,24.3,18.2,16.1,0.4,0.0,,3.643
587,2019-07-27,Bhuna - Chicken,3,8.95,8.0,0.0,74.0,24.3,18.2,16.1,0.4,0.0,,2.466
588,2019-07-27,Bhuna - Chicken Tikka,2,8.95,8.0,0.0,74.0,24.3,18.2,16.1,0.4,0.0,,1.627
589,2019-07-27,Bhuna - Lamb,1,8.95,8.0,0.0,74.0,24.3,18.2,16.1,0.4,0.0,,1.296
590,2019-07-27,Bombay Aloo,4,5.95,8.0,0.0,74.0,24.3,18.2,16.1,0.4,0.0,,1.876
591,2019-07-27,Butter Chicken,3,9.95,8.0,0.0,74.0,24.3,18.2,16.1,0.4,0.0,,2.364
592,2019-07-27,Cauliflower Bhajee,1,5.95,8.0,0.0,74.0,24.3,18.2,16.1,0.4,0.0,,1.123
593,2019-07-27,Chicken Biryani,3,9.95,8.0,0.0,74.0,24.3,18.2,16.1,0.4,0.0,,2.852
594,2019-07-27,Chicken Chaat,1,4.95,8.0,0.0,74.0,24.3,18.2,16.1,0.4,0.0,,1.015
595,2019-07-27,Chicken Chilli Garlic,2,9.95,8.0,0.0,74.0,24.3,18.2,16.1,0.4,0.0,,1.492
596,2019-07-27,Chicken Hari Mirch,2,9.95,8.0,0.0,74.0,24.3,18.2,16.1,0.4,0.0,,1.01
597,2019-07-27,Chicken Pakora,1,5.95,8.0,0.0,74.0,24.3,18.2,16.1,0.4,0.0,,1.141
598,2019-07-27,Chicken Rezala,1,9.95,8.0,0.0,74.0,24.3,18.2,16.1,0.4,0.0,,1.01
599,2019-07-27,Chicken Shashlick,2,9.95,8.0,0.0,74.0,24.3,18.2,16.1,0.4,0.0,,1.168
600,2019-07-27,Chicken Tikka,1,4.95,8.0,0.0,74.0,24.3,18.2,16.1,0.4,0.0,,1.223
601,2019-07-27,Chicken Tikka (Main),3,8.95,8.0,0.0,74.0,24.3,18.2,16.1,0.4,0.0,,2.053
602,2019-07-27,Chicken Tikka Balti,1,10.95,8.0,0.0,74.0,24.3,18.2,16.1,0.4,0.0,,1.007
603,2019-07-27,Chicken Tikka Jalfrezi,1,8.95,8.0,0.0,74.0,24.3,18.2,16.1,0.4,0.0,,1.026
604,2019-07-27,Chicken Tikka Karahi,2,9.95,8.0,0.0,74.0,24.3,18.2,16.1,0.4,0.0,,1.01
605,2019-07-27,Chicken Tikka Masala,7,8.95,8.0,0.0,74.0,24.3,18.2,16.1,0.4,0.0,,6.514
606,2019-07-27,Chicken Tikka Pasanda,1,8.95,8.0,0.0,74.0,24.3,18.2,16.1,0.4,0.0,,1.023
607,2019-07-27,Curry - Chicken,1,7.95,8.0,0.0,74.0,24.3,18.2,16.1,0.4,0.0,,1.384
608,2019-07-27,Curry - Lamb,1,7.95,8.0,0.0,74.0,24.3,18.2,16.1,0.4,0.0,,1.107
609,2019-07-27,Curry Sauce,1,3.95,8.0,0.0,74.0,24.3,18.2,16.1,0.4,0.0,,1.029
610,2019-07-27,Dhansak - Chicken,2,8.95,8.0,0.0,74.0,24.3,18.2,16.1,0.4,0.0,,1.617
611,2019-07-27,Egg Rice,1,3.95,8.0,0.0,74.0,24.3,18.2,16.1,0.4,0.0,,1.035
612,2019-07-27,French Fries,1,3.95,8.0,0.0,74.0,24.3,18.2,16.1,0.4,0.0,,1.478
613,2019-07-27,Garlic Naan,7,2.95,8.0,0.0,74.0,24.3,18.2,16.1,0.4,0.0,,5.832
614,2019-07-27,Green Salad,1,2.95,8.0,0.0,74.0,24.3,18.2,16.1,0.4,0.0,,1.442
615,2019-07-27,Keema Naan,2,2.95,8.0,0.0,74.0,24.3,18.2,16.1,0.4,0.0,,2.24
616,2019-07-27,King Prawn Hari Mirch,1,12.95,8.0,0.0,74.0,24.3,18.2,16.1,0.4,0.0,,1.019
617,2019-07-27,Korma - Chicken,3,8.95,8.0,0.0,74.0,24.3,18.2,16.1,0.4,0.0,,2.242
618,2019-07-27,Korma - Chicken Tikka,1,8.95,8.0,0.0,74.0,24.3,18.2,16.1,0.4,0.0,,1.113
619,2019-07-27,Korma Sauce,2,3.95,8.0,0.0,74.0,24.3,18.2,16.1,0.4,0.0,,1.753
620,2019-07-27,Lamb Biryani,8,9.95,8.0,0.0,74.0,24.3,18.2,16.1,0.4,0.0,,5.774
621,2019-07-27,Lamb Shashlick,1,9.95,8.0,0.0,74.0,24.3,18.2,16.1,0.4,0.0,,1.01
622,2019-07-27,Lamb Tikka,2,4.95,8.0,0.0,74.0,24.3,18.2,16.1,0.4,0.0,,1.791
623,2019-07-27,Lime Pickle,2,0.5,8.0,0.0,74.0,24.3,18.2,16.1,0.4,0.0,,2.331
624,2019-07-27,Madras - Chicken,2,7.95,8.0,0.0,74.0,24.3,18.2,16.1,0.4,0.0,,1.978
625,2019-07-27,Madras - Chicken Tikka,1,7.95,8.0,0.0,74.0,24.3,18.2,16.1,0.4,0.0,,1.004
626,2019-07-27,Madras - Lamb,1,7.95,8.0,0.0,74.0,24.3,18.2,16.1,0.4,0.0,,1.005
627,2019-07-27,Mango Chutney,10,0.5,8.0,0.0,74.0,24.3,18.2,16.1,0.4,0.0,,8.414
628,2019-07-27,Meat Samosa,2,3.95,8.0,0.0,74.0,24.3,18.2,16.1,0.4,0.0,,2.291
629,2019-07-27,Mint Sauce,9,0.5,8.0,0.0,74.0,24.3,18.2,16.1,0.4,0.0,,6.851
630,2019-07-27,Mixed Vegetable Curry,1,5.95,8.0,0.0,74.0,24.3,18.2,16.1,0.4,0.0,,1.002
631,2019-07-27,Mushroom Bhajee,1,5.95,8.0,0.0,74.0,24.3,18.2,16.1,0.4,0.0,,1.043
632,2019-07-27,Mushroom Rice,2,3.95,8.0,0.0,74.0,24.3,18.2,16.1,0.4,0.0,,2.434
633,2019-07-27,Onion Bhajee,10,3.95,8.0,0.0,74.0,24.3,18.2,16.1,0.4,0.0,,8.03
634,2019-07-27,Onion Chutney,2,0.5,8.0,0.0,74.0,24.3,18.2,16.1,0.4,0.0,,2.319
635,2019-07-27,Onion Naan,2,2.95,8.0,0.0,74.0,24.3,18.2,16.1,0.4,0.0,,1.878
636,2019-07-27,Pathia - Chicken,1,8.95,8.0,0.0,74.0,24.3,18.2,16.1,0.4,0.0,,1.041
637,2019-07-27,Peshwari Naan,6,2.95,8.0,0.0,74.0,24.3,18.2,16.1,0.4,0.0,,4.755
638,2019-07-27,Pilau Rice,27,2.95,8.0,0.0,74.0,24.3,18.2,16.1,0.4,0.0,,21.632
639,2019-07-27,Plain Naan,18,2.6,8.0,0.0,74.0,24.3,18.2,16.1,0.4,0.0,,14.151
640,2019-07-27,Plain Papadum,37,0.8,8.0,0.0,74.0,24.3,18.2,16.1,0.4,0.0,,30.214
641,2019-07-27,Plain Rice,4,2.95,8.0,0.0,74.0,24.3,18.2,16.1,0.4,0.0,,3.543
642,2019-07-27,Puree,2,1.95,8.0,0.0,74.0,24.3,18.2,16.1,0.4,0.0,,2.164
643,2019-07-27,Red Sauce,3,0.5,8.0,0.0,74.0,24.3,18.2,16.1,0.4,0.0,,3.235
644,2019-07-27,Rogon - Lamb,1,8.95,8.0,0.0,74.0,24.3,18.2,16.1,0.4,0.0,,1.041
645,2019-07-27,Saag Aloo,1,5.95,8.0,0.0,74.0,24.3,18.2,16.1,0.4,0.0,,1.424
646,2019-07-27,Saag Dall,1,5.95,8.0,0.0,74.0,24.3,18.2,16.1,0.4,0.0,,1.002
647,2019-07-27,Saag Paneer,1,5.95,8.0,0.0,74.0,24.3,18.2,16.1,0.4,0.0,,1.173
648,2019-07-27,Spicy Papadum,1,0.8,8.0,0.0,74.0,24.3,18.2,16.1,0.4,0.0,,1.841
649,2019-07-27,Tandoori Chicken (1/4),2,4.95,8.0,0.0,74.0,24.3,18.2,16.1,0.4,0.0,,1.017
650,2019-07-27,Tarka Dall,1,5.95,8.0,0.0,74.0,24.3,18.2,16.1,0.4,0.0,,1.208
651,2019-07-27,Vegetable Biryani,1,9.95,8.0,0.0,74.0,24.3,18.2,16.1,0.4,0.0,,1.174
652,2019-07-27,Vegetable Roll,1,4.95,8.0,0.0,74.0,24.3,18.2,16.1,0.4,0.0,,1.02
653,2019-07-27,Vindaloo - Chicken,1,7.95,8.0,0.0,74.0,24.3,18.2,16.1,0.4,0.0,,1.21
654,2019-07-28,Bhuna - Chicken,1,8.95,6.0,1.3,120.0,26.2,19.9,15.5,0.0,0.0,,1.265
655,2019-07-28,Bhuna - Chicken Tikka,1,8.95,6.0,1.3,120.0,26.2,19.9,15.5,0.0,0.0,,1.097
656,2019-07-28,Bhuna - Lamb,1,8.95,6.0,1.3,120.0,26.2,19.9,15.5,0.0,0.0,,1.41
657,2019-07-28,Bombay Aloo,1,5.95,6.0,1.3,120.0,26.2,19.9,15.5,0.0,0.0,,1.393
658,2019-07-28,Bottle Coke,1,2.95,6.0,1.3,120.0,26.2,19.9,15.5,0.0,0.0,,1.16
659,2019-07-28,Butter Chicken,1,9.95,6.0,1.3,120.0,26.2,19.9,15.5,0.0,0.0,,1.201
660,2019-07-28,Chapati,8,1.95,6.0,1.3,120.0,26.2,19.9,15.5,0.0,0.0,,1.893
661,2019-07-28,Chicken Balti,1,9.95,6.0,1.3,120.0,26.2,19.9,15.5,0.0,0.0,,1.099
662,2019-07-28,Chicken Chaat,1,4.95,6.0,1.3,120.0,26.2,19.9,15.5,0.0,0.0,,1.0
663,2019-07-28,Chicken Chilli Garlic,1,9.95,6.0,1.3,120.0,26.2,19.9,15.5,0.0,0.0,,1.233
664,2019-07-28,Chicken Karahi,1,8.95,6.0,1.3,120.0,26.2,19.9,15.5,0.0,0.0,,1.081
665,2019-07-28,Chicken Pakora,1,5.95,6.0,1.3,120.0,26.2,19.9,15.5,0.0,0.0,,1.074
666,2019-07-28,Chicken Rezala,1,9.95,6.0,1.3,120.0,26.2,19.9,15.5,0.0,0.0,,1.0
667,2019-07-28,Chicken Shashlick Curry,1,12.95,6.0,1.3,120.0,26.2,19.9,15.5,0.0,0.0,,1.001
668,2019-07-28,Chicken Tikka,1,4.95,6.0,1.3,120.0,26.2,19.9,15.5,0.0,0.0,,1.63
669,2019-07-28,Chicken Tikka Masala,5,8.95,6.0,1.3,120.0,26.2,19.9,15.5,0.0,0.0,,4.879
670,2019-07-28,Curry - Chicken,2,7.95,6.0,1.3,120.0,26.2,19.9,15.5,0.0,0.0,,1.464
671,2019-07-28,Dhansak - Chicken Tikka,1,8.95,6.0,1.3,120.0,26.2,19.9,15.5,0.0,0.0,,1.002
672,2019-07-28,Dupiaza - Chicken,2,8.95,6.0,1.3,120.0,26.2,19.9,15.5,0.0,0.0,,1.616
673,2019-07-28,Egg Rice,1,3.95,6.0,1.3,120.0,26.2,19.9,15.5,0.0,0.0,,1.008
674,2019-07-28,Garlic Naan,5,2.95,6.0,1.3,120.0,26.2,19.9,15.5,0.0,0.0,,3.894
675,2019-07-28,Garlic Rice,1,3.95,6.0,1.3,120.0,26.2,19.9,15.5,0.0,0.0,,1.001
676,2019-07-28,Keema Naan,1,2.95,6.0,1.3,120.0,26.2,19.9,15.5,0.0,0.0,,1.354
677,2019-07-28,King Prawn Puree,2,5.95,6.0,1.3,120.0,26.2,19.9,15.5,0.0,0.0,,1.494
678,2019-07-28,Korma - Chicken,8,8.95,6.0,1.3,120.0,26.2,19.9,15.5,0.0,0.0,,2.129
679,2019-07-28,Korma Sauce,1,3.95,6.0,1.3,120.0,26.2,19.9,15.5,0.0,0.0,,1.216
680,2019-07-28,Lamb Balti,1,9.95,6.0,1.3,120.0,26.2,19.9,15.5,0.0,0.0,,1.0
681,2019-07-28,Lamb Biryani,2,9.95,6.0,1.3,120.0,26.2,19.9,15.5,0.0,0.0,,2.147
682,2019-07-28,Lamb Hari Mirch,1,9.95,6.0,1.3,120.0,26.2,19.9,15.5,0.0,0.0,,1.0
683,2019-07-28,Lamb Rezala,1,9.95,6.0,1.3,120.0,26.2,19.9,15.5,0.0,0.0,,1.0
684,2019-07-28,Mango Chutney,5,0.5,6.0,1.3,120.0,26.2,19.9,15.5,0.0,0.0,,4.371
685,2019-07-28,Meat Samosa,2,3.95,6.0,1.3,120.0,26.2,19.9,15.5,0.0,0.0,,2.007
686,2019-07-28,Mint Sauce,3,0.5,6.0,1.3,120.0,26.2,19.9,15.5,0.0,0.0,,2.969
687,2019-07-28,Mushroom Rice,1,3.95,6.0,1.3,120.0,26.2,19.9,15.5,0.0,0.0,,1.902
688,2019-07-28,Onion Bhajee,4,3.95,6.0,1.3,120.0,26.2,19.9,15.5,0.0,0.0,,4.328
689,2019-07-28,Onion Chutney,2,0.5,6.0,1.3,120.0,26.2,19.9,15.5,0.0,0.0,,1.587
690,2019-07-28,Onion Rice,1,3.95,6.0,1.3,120.0,26.2,19.9,15.5,0.0,0.0,,1.051
691,2019-07-28,Paneer Tikka Masala,1,8.95,6.0,1.3,120.0,26.2,19.9,15.5,0.0,0.0,,1.144
692,2019-07-28,Pathia - Lamb,1,8.95,6.0,1.3,120.0,26.2,19.9,15.5,0.0,0.0,,1.002
693,2019-07-28,Peshwari Naan,1,2.95,6.0,1.3,120.0,26.2,19.9,15.5,0.0,0.0,,2.063
694,2019-07-28,Pilau Rice,9,2.95,6.0,1.3,120.0,26.2,19.9,15.5,0.0,0.0,,8.625
695,2019-07-28,Plain Naan,5,2.6,6.0,1.3,120.0,26.2,19.9,15.5,0.0,0.0,,5.563
696,2019-07-28,Plain Papadum,18,0.8,6.0,1.3,120.0,26.2,19.9,15.5,0.0,0.0,,14.777
697,2019-07-28,Plain Rice,8,2.95,6.0,1.3,120.0,26.2,19.9,15.5,0.0,0.0,,2.625
698,2019-07-28,Prawn Puree,1,4.95,6.0,1.3,120.0,26.2,19.9,15.5,0.0,0.0,,1.0
699,2019-07-28,Puree,1,1.95,6.0,1.3,120.0,26.2,19.9,15.5,0.0,0.0,,1.339
700,2019-07-28,Saag Aloo,3,5.95,6.0,1.3,120.0,26.2,19.9,15.5,0.0,0.0,,2.454
701,2019-07-28,Saag Bhajee,1,5.95,6.0,1.3,120.0,26.2,19.9,15.5,0.0,0.0,,1.0
702,2019-07-28,Special Fried Rice,1,3.95,6.0,1.3,120.0,26.2,19.9,15.5,0.0,0.0,,1.613
703,2019-07-28,Spicy Papadum,2,0.8,6.0,1.3,120.0,26.2,19.9,15.5,0.0,0.0,,2.152
704,2019-07-28,Tandoori Chicken (Main),1,8.95,6.0,1.3,120.0,26.2,19.9,15.5,0.0,0.0,,1.146
705,2019-07-28,Tarka Dall,1,5.95,6.0,1.3,120.0,26.2,19.9,15.5,0.0,0.0,,1.169
706,2019-07-28,Vegetable Biryani,1,9.95,6.0,1.3,120.0,26.2,19.9,15.5,0.0,0.0,,1.125
707,2019-07-28,Vegetable Rice,4,3.95,6.0,1.3,120.0,26.2,19.9,15.5,0.0,0.0,,2.855
708,2019-07-29,Aloo Methi,1,5.95,4.0,11.4,280.0,19.9,19.7,13.2,0.0,0.0,,1.0
709,2019-07-29,Bhuna - Chicken,1,8.95,4.0,11.4,280.0,19.9,19.7,13.2,0.0,0.0,,1.251
710,2019-07-29,Chapati,1,1.95,4.0,11.4,280.0,19.9,19.7,13.2,0.0,0.0,,1.129
711,2019-07-29,Chicken Chaat,1,4.95,4.0,11.4,280.0,19.9,19.7,13.2,0.0,0.0,,1.0
712,2019-07-29,Chicken Tikka (Main),1,8.95,4.0,11.4,280.0,19.9,19.7,13.2,0.0,0.0,,1.17
713,2019-07-29,Chicken Tikka Jalfrezi,1,8.95,4.0,11.4,280.0,19.9,19.7,13.2,0.0,0.0,,1.0
714,2019-07-29,Chicken Tikka Masala,3,8.95,4.0,11.4,280.0,19.9,19.7,13.2,0.0,0.0,,3.802
715,2019-07-29,Keema Naan,2,2.95,4.0,11.4,280.0,19.9,19.7,13.2,0.0,0.0,,1.711
716,2019-07-29,King Prawn Puree,2,5.95,4.0,11.4,280.0,19.9,19.7,13.2,0.0,0.0,,1.275
717,2019-07-29,Korma - Chicken,3,8.95,4.0,11.4,280.0,19.9,19.7,13.2,0.0,0.0,,2.528
718,2019-07-29,Korma - Chicken Tikka,1,8.95,4.0,11.4,280.0,19.9,19.7,13.2,0.0,0.0,,1.015
719,2019-07-29,Korma Sauce,1,3.95,4.0,11.4,280.0,19.9,19.7,13.2,0.0,0.0,,1.033
720,2019-07-29,Lamb Balti,1,9.95,4.0,11.4,280.0,19.9,19.7,13.2,0.0,0.0,,1.0
721,2019-07-29,Lamb Tikka Balti,1,10.95,4.0,11.4,280.0,19.9,19.7,13.2,0.0,0.0,,1.011
722,2019-07-29,Madras - Chicken,1,7.95,4.0,11.4,280.0,19.9,19.7,13.2,0.0,0.0,,1.048
723,2019-07-29,Mango Chutney,1,0.5,4.0,11.4,280.0,19.9,19.7,13.2,0.0,0.0,,1.813
724,2019-07-29,Meat Samosa,1,3.95,4.0,11.4,280.0,19.9,19.7,13.2,0.0,0.0,,1.275
725,2019-07-29,Methi - Lamb,1,8.95,4.0,11.4,280.0,19.9,19.7,13.2,0.0,0.0,,1.0
726,2019-07-29,Mint Sauce,1,0.5,4.0,11.4,280.0,19.9,19.7,13.2,0.0,0.0,,1.788
727,2019-07-29,Mushroom Rice,1,3.95,4.0,11.4,280.0,19.9,19.7,13.2,0.0,0.0,,1.443
728,2019-07-29,Onion Bhajee,2,3.95,4.0,11.4,280.0,19.9,19.7,13.2,0.0,0.0,,2.674
729,2019-07-29,Paneer Tikka Masala,1,8.95,4.0,11.4,280.0,19.9,19.7,13.2,0.0,0.0,,1.264
730,2019-07-29,Peshwari Naan,1,2.95,4.0,11.4,280.0,19.9,19.7,13.2,0.0,0.0,,1.456
731,2019-07-29,Pilau Rice,4,2.95,4.0,11.4,280.0,19.9,19.7,13.2,0.0,0.0,,4.998
732,2019-07-29,Plain Naan,4,2.6,4.0,11.4,280.0,19.9,19.7,13.2,0.0,0.0,,3.691
733,2019-07-29,Plain Papadum,5,0.8,4.0,11.4,280.0,19.9,19.7,13.2,0.0,0.0,,6.062
734,2019-07-29,Plain Rice,5,2.95,4.0,11.4,280.0,19.9,19.7,13.2,0.0,0.0,,1.964
735,2019-07-29,Red Sauce,1,0.5,4.0,11.4,280.0,19.9,19.7,13.2,0.0,0.0,,1.184
736,2019-07-29,Royal Paneer,1,5.95,4.0,11.4,280.0,19.9,19.7,13.2,0.0,0.0,,1.021
737,2019-07-29,Saag Aloo,2,5.95,4.0,11.4,280.0,19.9,19.7,13.2,0.0,0.0,,1.371
738,2019-07-29,Saag Paneer,1,5.95,4.0,11.4,280.0,19.9,19.7,13.2,0.0,0.0,,1.131
739,2019-07-29,Tandoori Chicken (Main),1,8.95,4.0,11.4,280.0,19.9,19.7,13.2,0.0,0.0,,1.223
740,2019-07-29,Tandoori King Prawn Garlic,1,12.95,4.0,11.4,280.0,19.9,19.7,13.2,0.0,0.0,,1.016
741,2019-07-29,Tandoori Mixed Grill,1,11.95,4.0,11.4,280.0,19.9,19.7,13.2,0.0,0.0,,1.744
742,2019-07-29,Tandoori Roti,1,2.6,4.0,11.4,280.0,19.9,19.7,13.2,0.0,0.0,,1.112
743,2019-07-30,Aloo Chaat,2,4.95,6.0,1.5,124.0,24.9,18.4,17.0,3.8,0.0,,1.733
744,2019-07-30,Baingan Hari Mirch,2,5.95,6.0,1.5,124.0,24.9,18.4,17.0,3.8,0.0,,1.746
745,2019-07-30,Bhindi Bhajee,2,5.95,6.0,1.5,124.0,24.9,18.4,17.0,3.8,0.0,,1.755
746,2019-07-30,Bombay Aloo,1,5.95,6.0,1.5,124.0,24.9,18.4,17.0,3.8,0.0,,1.426
747,2019-07-30,Bottle Coke,1,2.95,6.0,1.5,124.0,24.9,18.4,17.0,3.8,0.0,,1.17
748,2019-07-30,COBRA ( LARGE ),2,5.95,6.0,1.5,124.0,24.9,18.4,17.0,3.8,0.0,,1.943
749,2019-07-30,Chana Masala,1,5.95,6.0,1.5,124.0,24.9,18.4,17.0,3.8,0.0,,1.437
750,2019-07-30,Chicken Balti,1,9.95,6.0,1.5,124.0,24.9,18.4,17.0,3.8,0.0,,1.17
751,2019-07-30,Chicken Mysore,1,9.95,6.0,1.5,124.0,24.9,18.4,17.0,3.8,0.0,,1.036
752,2019-07-30,Chicken Pakora,1,5.95,6.0,1.5,124.0,24.9,18.4,17.0,3.8,0.0,,1.281
753,2019-07-30,Chicken Roshni,1,9.95,6.0,1.5,124.0,24.9,18.4,17.0,3.8,0.0,,1.071
754,2019-07-30,Chicken Shashlick,2,9.95,6.0,1.5,124.0,24.9,18.4,17.0,3.8,0.0,,1.651
755,2019-07-30,Chicken Tikka Balti,1,10.95,6.0,1.5,124.0,24.9,18.4,17.0,3.8,0.0,,1.041
756,2019-07-30,Chicken Tikka Masala,1,8.95,6.0,1.5,124.0,24.9,18.4,17.0,3.8,0.0,,2.329
757,2019-07-30,Dhansak Sauce,2,3.95,6.0,1.5,124.0,24.9,18.4,17.0,3.8,0.0,,1.675
758,2019-07-30,French Fries,4,3.95,6.0,1.5,124.0,24.9,18.4,17.0,3.8,0.0,,3.125
759,2019-07-30,Garlic Naan,3,2.95,6.0,1.5,124.0,24.9,18.4,17.0,3.8,0.0,,2.864
760,2019-07-30,Garlic Rice,1,3.95,6.0,1.5,124.0,24.9,18.4,17.0,3.8,0.0,,1.137
761,2019-07-30,Green Salad,1,2.95,6.0,1.5,124.0,24.9,18.4,17.0,3.8,0.0,,1.306
762,2019-07-30,Keema Naan,1,2.95,6.0,1.5,124.0,24.9,18.4,17.0,3.8,0.0,,1.223
763,2019-07-30,King Prawn Puree,2,5.95,6.0,1.5,124.0,24.9,18.4,17.0,3.8,0.0,,1.932
764,2019-07-30,Korma - Chicken,1,8.95,6.0,1.5,124.0,24.9,18.4,17.0,3.8,0.0,,2.162
765,2019-07-30,Lamb Chilli Garlic,1,9.95,6.0,1.5,124.0,24.9,18.4,17.0,3.8,0.0,,1.051
766,2019-07-30,Lamb Tikka Biryani,1,10.95,6.0,1.5,124.0,24.9,18.4,17.0,3.8,0.0,,1.233
767,2019-07-30,Lemon Rice,2,3.95,6.0,1.5,124.0,24.9,18.4,17.0,3.8,0.0,,1.285
768,2019-07-30,Lime Pickle,1,0.5,6.0,1.5,124.0,24.9,18.4,17.0,3.8,0.0,,1.197
769,2019-07-30,Madras - Chicken,2,7.95,6.0,1.5,124.0,24.9,18.4,17.0,3.8,0.0,,1.932
770,2019-07-30,Madras - Lamb,1,7.95,6.0,1.5,124.0,24.9,18.4,17.0,3.8,0.0,,1.163
771,2019-07-30,Mango Chutney,2,0.5,6.0,1.5,124.0,24.9,18.4,17.0,3.8,0.0,,2.923
772,2019-07-30,Mint Sauce,1,0.5,6.0,1.5,124.0,24.9,18.4,17.0,3.8,0.0,,1.925
773,2019-07-30,Muttar Paneer,1,5.95,6.0,1.5,124.0,24.9,18.4,17.0,3.8,0.0,,1.239
774,2019-07-30,Onion Bhajee,7,3.95,6.0,1.5,124.0,24.9,18.4,17.0,3.8,0.0,,6.176
775,2019-07-30,Onion Chutney,1,0.5,6.0,1.5,124.0,24.9,18.4,17.0,3.8,0.0,,1.151
776,2019-07-30,Onion Rice,1,3.95,6.0,1.5,124.0,24.9,18.4,17.0,3.8,0.0,,1.188
777,2019-07-30,Paneer Tikka Sizzler,1,9.95,6.0,1.5,124.0,24.9,18.4,17.0,3.8,0.0,,1.046
778,2019-07-30,Pathia - Chicken Tikka,3,8.95,6.0,1.5,124.0,24.9,18.4,17.0,3.8,0.0,,2.404
779,2019-07-30,Perrier Water (750ml),2,3.95,6.0,1.5,124.0,24.9,18.4,17.0,3.8,0.0,,1.698
780,2019-07-30,Peshwari Naan,4,2.95,6.0,1.5,124.0,24.9,18.4,17.0,3.8,0.0,,3.464
781,2019-07-30,Pilau Rice,4,2.95,6.0,1.5,124.0,24.9,18.4,17.0,3.8,0.0,,6.579
782,2019-07-30,Plain Naan,1,2.6,6.0,1.5,124.0,24.9,18.4,17.0,3.8,0.0,,4.079
783,2019-07-30,Plain Papadum,8,0.8,6.0,1.5,124.0,24.9,18.4,17.0,3.8,0.0,,10.929
784,2019-07-30,Plain Rice,1,2.95,6.0,1.5,124.0,24.9,18.4,17.0,3.8,0.0,,1.728
785,2019-07-30,Raitha,2,2.95,6.0,1.5,124.0,24.9,18.4,17.0,3.8,0.0,,1.724
786,2019-07-30,Red Sauce,2,0.5,6.0,1.5,124.0,24.9,18.4,17.0,3.8,0.0,,1.99
787,2019-07-30,Royal Paneer,1,5.95,6.0,1.5,124.0,24.9,18.4,17.0,3.8,0.0,,1.477
788,2019-07-30,Saag Paneer,2,5.95,6.0,1.5,124.0,24.9,18.4,17.0,3.8,0.0,,1.855
789,2019-07-30,Special Fried Rice,3,3.95,6.0,1.5,124.0,24.9,18.4,17.0,3.8,0.0,,2.66
790,2019-07-30,Spicy Papadum,3,0.8,6.0,1.5,124.0,24.9,18.4,17.0,3.8,0.0,,2.515
791,2019-07-30,Tandoori Chicken (1/4),1,4.95,6.0,1.5,124.0,24.9,18.4,17.0,3.8,0.0,,1.175
792,2019-07-30,Tandoori Mixed Grill,2,11.95,6.0,1.5,124.0,24.9,18.4,17.0,3.8,0.0,,1.959
793,2019-07-30,Tandoori Roti,2,2.6,6.0,1.5,124.0,24.9,18.4,17.0,3.8,0.0,,1.724
794,2019-07-30,Tarka Dall,2,5.95,6.0,1.5,124.0,24.9,18.4,17.0,3.8,0.0,,1.765
795,2019-07-30,Vindaloo Sauce,1,3.95,6.0,1.5,124.0,24.9,18.4,17.0,3.8,0.0,,1.154
796,2019-07-31,Aloo Chaat,1,4.95,7.0,4.2,176.0,26.0,20.6,16.3,0.0,0.0,,1.089
797,2019-07-31,Bombay Aloo,3,5.95,7.0,4.2,176.0,26.0,20.6,16.3,0.0,0.0,,2.568
798,2019-07-31,Bottle Diet Coke,1,2.95,7.0,4.2,176.0,26.0,20.6,16.3,0.0,0.0,,1.151
799,2019-07-31,Butter Chicken,1,9.95,7.0,4.2,176.0,26.0,20.6,16.3,0.0,0.0,,1.278
800,2019-07-31,Chapati,1,1.95,7.0,4.2,176.0,26.0,20.6,16.3,0.0,0.0,,1.822
801,2019-07-31,Chicken Biryani,1,9.95,7.0,4.2,176.0,26.0,20.6,16.3,0.0,0.0,,1.47
802,2019-07-31,Chicken Tikka,1,4.95,7.0,4.2,176.0,26.0,20.6,16.3,0.0,0.0,,1.785
803,2019-07-31,Chicken Tikka (Main),1,8.95,7.0,4.2,176.0,26.0,20.6,16.3,0.0,0.0,,1.146
804,2019-07-31,Chicken Tikka Jalfrezi,1,8.95,7.0,4.2,176.0,26.0,20.6,16.3,0.0,0.0,,1.0
805,2019-07-31,Chicken Tikka Karahi,1,9.95,7.0,4.2,176.0,26.0,20.6,16.3,0.0,0.0,,1.002
806,2019-07-31,Chicken Tikka Masala,3,8.95,7.0,4.2,176.0,26.0,20.6,16.3,0.0,0.0,,3.62
807,2019-07-31,Dhansak - Lamb,1,8.95,7.0,4.2,176.0,26.0,20.6,16.3,0.0,0.0,,1.058
808,2019-07-31,Dupiaza - Chicken Tikka,1,8.95,7.0,4.2,176.0,26.0,20.6,16.3,0.0,0.0,,1.06
809,2019-07-31,French Fries,2,3.95,7.0,4.2,176.0,26.0,20.6,16.3,0.0,0.0,,1.723
810,2019-07-31,Garlic Naan,3,2.95,7.0,4.2,176.0,26.0,20.6,16.3,0.0,0.0,,2.167
811,2019-07-31,Green Salad,1,2.95,7.0,4.2,176.0,26.0,20.6,16.3,0.0,0.0,,1.207
812,2019-07-31,Keema Naan,1,2.95,7.0,4.2,176.0,26.0,20.6,16.3,0.0,0.0,,1.193
813,2019-07-31,Keema Rice,1,3.95,7.0,4.2,176.0,26.0,20.6,16.3,0.0,0.0,,1.197
814,2019-07-31,Korma - Chicken,2,8.95,7.0,4.2,176.0,26.0,20.6,16.3,0.0,0.0,,1.961
815,2019-07-31,Lamb Biryani,2,9.95,7.0,4.2,176.0,26.0,20.6,16.3,0.0,0.0,,2.085
816,2019-07-31,Lamb Sylhet,1,9.95,7.0,4.2,176.0,26.0,20.6,16.3,0.0,0.0,,1.002
817,2019-07-31,Lamb Tikka Chilli Masala,1,8.95,7.0,4.2,176.0,26.0,20.6,16.3,0.0,0.0,,1.0
818,2019-07-31,Lamb Tikka Masala,1,8.95,7.0,4.2,176.0,26.0,20.6,16.3,0.0,0.0,,1.0
819,2019-07-31,Lemon Rice,1,3.95,7.0,4.2,176.0,26.0,20.6,16.3,0.0,0.0,,1.003
820,2019-07-31,Madras - Chicken Tikka,3,7.95,7.0,4.2,176.0,26.0,20.6,16.3,0.0,0.0,,1.005
821,2019-07-31,Madras - King Prawn,1,11.95,7.0,4.2,176.0,26.0,20.6,16.3,0.0,0.0,,1.002
822,2019-07-31,Madras - Lamb,1,7.95,7.0,4.2,176.0,26.0,20.6,16.3,0.0,0.0,,1.005
823,2019-07-31,Mint Sauce,1,0.5,7.0,4.2,176.0,26.0,20.6,16.3,0.0,0.0,,2.595
824,2019-07-31,Mushroom Bhajee,1,5.95,7.0,4.2,176.0,26.0,20.6,16.3,0.0,0.0,,1.075
825,2019-07-31,Mushroom Rice,1,3.95,7.0,4.2,176.0,26.0,20.6,16.3,0.0,0.0,,1.406
826,2019-07-31,Onion Bhajee,5,3.95,7.0,4.2,176.0,26.0,20.6,16.3,0.0,0.0,,4.37
827,2019-07-31,Peshwari Naan,2,2.95,7.0,4.2,176.0,26.0,20.6,16.3,0.0,0.0,,2.627
828,2019-07-31,Pilau Rice,9,2.95,7.0,4.2,176.0,26.0,20.6,16.3,0.0,0.0,,8.176
829,2019-07-31,Plain Naan,7,2.6,7.0,4.2,176.0,26.0,20.6,16.3,0.0,0.0,,4.286
830,2019-07-31,Plain Papadum,8,0.8,7.0,4.2,176.0,26.0,20.6,16.3,0.0,0.0,,9.648
831,2019-07-31,Plain Rice,3,2.95,7.0,4.2,176.0,26.0,20.6,16.3,0.0,0.0,,2.693
832,2019-07-31,Red Sauce,1,0.5,7.0,4.2,176.0,26.0,20.6,16.3,0.0,0.0,,1.349
833,2019-07-31,Rogon - Chicken,1,8.95,7.0,4.2,176.0,26.0,20.6,16.3,0.0,0.0,,1.0
834,2019-07-31,Royal Paneer,1,5.95,7.0,4.2,176.0,26.0,20.6,16.3,0.0,0.0,,1.049
835,2019-07-31,Saag - Chicken,1,8.95,7.0,4.2,176.0,26.0,20.6,16.3,0.0,0.0,,1.0
836,2019-07-31,Saag Aloo,1,5.95,7.0,4.2,176.0,26.0,20.6,16.3,0.0,0.0,,1.832
837,2019-07-31,Saag Paneer,1,5.95,7.0,4.2,176.0,26.0,20.6,16.3,0.0,0.0,,1.266
838,2019-07-31,Saag Rice,1,3.95,7.0,4.2,176.0,26.0,20.6,16.3,0.0,0.0,,1.003
839,2019-07-31,Sheek Kebab,2,4.95,7.0,4.2,176.0,26.0,20.6,16.3,0.0,0.0,,1.653
840,2019-07-31,Spicy Papadum,2,0.8,7.0,4.2,176.0,26.0,20.6,16.3,0.0,0.0,,1.993
841,2019-07-31,Vegetable Biryani,1,9.95,7.0,4.2,176.0,26.0,20.6,16.3,0.0,0.0,,1.175
842,2019-08-01,Aloo Gobi,2,5.95,6.0,5.7,199.0,25.8,20.3,14.6,0.0,0.0,,2.253
843,2019-08-01,Bombay Aloo,2,5.95,6.0,5.7,199.0,25.8,20.3,14.6,0.0,0.0,,1.885
844,2019-08-01,Bottle Diet Coke,1,2.95,6.0,5.7,199.0,25.8,20.3,14.6,0.0,0.0,,1.1
845,2019-08-01,Butter Chicken,1,9.95,6.0,5.7,199.0,25.8,20.3,14.6,0.0,0.0,,1.323
846,2019-08-01,COBRA ( LARGE ),3,5.95,6.0,5.7,199.0,25.8,20.3,14.6,0.0,0.0,,2.315
847,2019-08-01,Cauliflower Bhajee,1,5.95,6.0,5.7,199.0,25.8,20.3,14.6,0.0,0.0,,1.074
848,2019-08-01,Chicken Tikka Biryani,1,10.95,6.0,5.7,199.0,25.8,20.3,14.6,0.0,0.0,,1.227
849,2019-08-01,Chicken Tikka Jalfrezi,1,8.95,6.0,5.7,199.0,25.8,20.3,14.6,0.0,0.0,,1.004
850,2019-08-01,Curry - Chicken,1,7.95,6.0,5.7,199.0,25.8,20.3,14.6,0.0,0.0,,1.086
851,2019-08-01,Curry Sauce,1,3.95,6.0,5.7,199.0,25.8,20.3,14.6,0.0,0.0,,1.0
852,2019-08-01,Dhansak - Chicken,1,8.95,6.0,5.7,199.0,25.8,20.3,14.6,0.0,0.0,,1.016
853,2019-08-01,French Fries,1,3.95,6.0,5.7,199.0,25.8,20.3,14.6,0.0,0.0,,1.248
854,2019-08-01,Garlic Naan,1,2.95,6.0,5.7,199.0,25.8,20.3,14.6,0.0,0.0,,1.41
855,2019-08-01,House white wine 75cl,1,17.95,6.0,5.7,199.0,25.8,20.3,14.6,0.0,0.0,,1.002
856,2019-08-01,King Prawn Shaslick,1,12.95,6.0,5.7,199.0,25.8,20.3,14.6,0.0,0.0,,10.602
857,2019-08-01,Korma - Chicken,2,8.95,6.0,5.7,199.0,25.8,20.3,14.6,0.0,0.0,,1.929
858,2019-08-01,Lamb Tikka,1,4.95,6.0,5.7,199.0,25.8,20.3,14.6,0.0,0.0,,1.04
859,2019-08-01,Lime Pickle,1,0.5,6.0,5.7,199.0,25.8,20.3,14.6,0.0,0.0,,1.23
860,2019-08-01,Madras - Chicken,1,7.95,6.0,5.7,199.0,25.8,20.3,14.6,0.0,0.0,,1.044
861,2019-08-01,Madras - Lamb,1,7.95,6.0,5.7,199.0,25.8,20.3,14.6,0.0,0.0,,1.002
862,2019-08-01,Mango Chutney,2,0.5,6.0,5.7,199.0,25.8,20.3,14.6,0.0,0.0,,2.67
863,2019-08-01,Meat Samosa,1,3.95,6.0,5.7,199.0,25.8,20.3,14.6,0.0,0.0,,1.334
864,2019-08-01,Mixed Starter,1,5.95,6.0,5.7,199.0,25.8,20.3,14.6,0.0,0.0,,1.001
865,2019-08-01,Mixed Vegetable Curry,1,5.95,6.0,5.7,199.0,25.8,20.3,14.6,0.0,0.0,,1.004
866,2019-08-01,Mushroom Rice,2,3.95,6.0,5.7,199.0,25.8,20.3,14.6,0.0,0.0,,1.686
867,2019-08-01,Onion Chutney,1,0.5,6.0,5.7,199.0,25.8,20.3,14.6,0.0,0.0,,1.256
868,2019-08-01,Pathia - Chicken Tikka,2,8.95,6.0,5.7,199.0,25.8,20.3,14.6,0.0,0.0,,1.849
869,2019-08-01,Pilau Rice,3,2.95,6.0,5.7,199.0,25.8,20.3,14.6,0.0,0.0,,4.607
870,2019-08-01,Plain Naan,6,2.6,6.0,5.7,199.0,25.8,20.3,14.6,0.0,0.0,,4.857
871,2019-08-01,Plain Papadum,7,0.8,6.0,5.7,199.0,25.8,20.3,14.6,0.0,0.0,,7.642
872,2019-08-01,Plain Rice,3,2.95,6.0,5.7,199.0,25.8,20.3,14.6,0.0,0.0,,2.61
873,2019-08-01,Prawn Balti,1,10.95,6.0,5.7,199.0,25.8,20.3,14.6,0.0,0.0,,1.004
874,2019-08-01,Raitha,1,2.95,6.0,5.7,199.0,25.8,20.3,14.6,0.0,0.0,,1.124
875,2019-08-01,Red Sauce,1,0.5,6.0,5.7,199.0,25.8,20.3,14.6,0.0,0.0,,1.297
876,2019-08-01,Saag Dall,1,5.95,6.0,5.7,199.0,25.8,20.3,14.6,0.0,0.0,,1.002
877,2019-08-01,Special Fried Rice,1,3.95,6.0,5.7,199.0,25.8,20.3,14.6,0.0,0.0,,1.488
878,2019-08-01,Stuffed Paratha,1,3.95,6.0,5.7,199.0,25.8,20.3,14.6,0.0,0.0,,1.0
879,2019-08-01,Tandoori Chicken Masala,1,8.95,6.0,5.7,199.0,25.8,20.3,14.6,0.0,0.0,,1.464
880,2019-08-01,Tarka Dall,2,5.95,6.0,5.7,199.0,25.8,20.3,14.6,0.0,0.0,,1.623
881,2019-08-01,Vindaloo - Chicken,2,7.95,6.0,5.7,199.0,25.8,20.3,14.6,0.0,0.0,,1.827
882,2019-08-02,Aloo Chaat,2,4.95,4.0,6.6,212.0,24.7,20.6,15.5,0.0,0.0,,1.632
883,2019-08-02,Aloo Gobi,2,5.95,4.0,6.6,212.0,24.7,20.6,15.5,0.0,0.0,,2.472
884,2019-08-02,Bhuna - Chicken,1,8.95,4.0,6.6,212.0,24.7,20.6,15.5,0.0,0.0,,1.537
885,2019-08-02,Bombay Aloo,5,5.95,4.0,6.6,212.0,24.7,20.6,15.5,0.0,0.0,,3.776
886,2019-08-02,Cauliflower Bhajee,1,5.95,4.0,6.6,212.0,24.7,20.6,15.5,0.0,0.0,,1.079
887,2019-08-02,Chana Masala,1,5.95,4.0,6.6,212.0,24.7,20.6,15.5,0.0,0.0,,1.011
888,2019-08-02,Chapati,1,1.95,4.0,6.6,212.0,24.7,20.6,15.5,0.0,0.0,,1.574
889,2019-08-02,Chicken Balti,2,9.95,4.0,6.6,212.0,24.7,20.6,15.5,0.0,0.0,,1.665
890,2019-08-02,Chicken Biryani,2,9.95,4.0,6.6,212.0,24.7,20.6,15.5,0.0,0.0,,1.836
891,2019-08-02,Chicken Pakora,1,5.95,4.0,6.6,212.0,24.7,20.6,15.5,0.0,0.0,,1.043
892,2019-08-02,Chicken Shashlick,1,9.95,4.0,6.6,212.0,24.7,20.6,15.5,0.0,0.0,,1.037
893,2019-08-02,Chicken Tikka (Main),2,8.95,4.0,6.6,212.0,24.7,20.6,15.5,0.0,0.0,,1.301
894,2019-08-02,Chicken Tikka Biryani,1,10.95,4.0,6.6,212.0,24.7,20.6,15.5,0.0,0.0,,1.271
895,2019-08-02,Chicken Tikka Chilli Masala,1,8.95,4.0,6.6,212.0,24.7,20.6,15.5,0.0,0.0,,1.019
896,2019-08-02,Chicken Tikka Jalfrezi,2,8.95,4.0,6.6,212.0,24.7,20.6,15.5,0.0,0.0,,1.005
897,2019-08-02,Chicken Tikka Karahi,1,9.95,4.0,6.6,212.0,24.7,20.6,15.5,0.0,0.0,,1.003
898,2019-08-02,Chicken Tikka Masala,4,8.95,4.0,6.6,212.0,24.7,20.6,15.5,0.0,0.0,,3.655
899,2019-08-02,Curry - Chicken,1,7.95,4.0,6.6,212.0,24.7,20.6,15.5,0.0,0.0,,1.121
900,2019-08-02,Dhansak - Chicken,1,8.95,4.0,6.6,212.0,24.7,20.6,15.5,0.0,0.0,,1.027
901,2019-08-02,Dupiaza - Chicken,1,8.95,4.0,6.6,212.0,24.7,20.6,15.5,0.0,0.0,,1.365
902,2019-08-02,French Fries,1,3.95,4.0,6.6,212.0,24.7,20.6,15.5,0.0,0.0,,1.598
903,2019-08-02,Garlic Naan,3,2.95,4.0,6.6,212.0,24.7,20.6,15.5,0.0,0.0,,2.819
904,2019-08-02,Keema Naan,2,2.95,4.0,6.6,212.0,24.7,20.6,15.5,0.0,0.0,,2.293
905,2019-08-02,Keema Rice,2,3.95,4.0,6.6,212.0,24.7,20.6,15.5,0.0,0.0,,1.722
906,2019-08-02,Korma - Chicken,2,8.95,4.0,6.6,212.0,24.7,20.6,15.5,0.0,0.0,,1.868
907,2019-08-02,Korma - King Prawn,1,12.95,4.0,6.6,212.0,24.7,20.6,15.5,0.0,0.0,,1.012
908,2019-08-02,Korma - Prawn,1,9.95,4.0,6.6,212.0,24.7,20.6,15.5,0.0,0.0,,1.134
909,2019-08-02,Lal Mirch Chicken,1,9.95,4.0,6.6,212.0,24.7,20.6,15.5,0.0,0.0,,1.002
910,2019-08-02,Lamb Biryani,3,9.95,4.0,6.6,212.0,24.7,20.6,15.5,0.0,0.0,,2.529
911,2019-08-02,Lamb Mysore,1,9.95,4.0,6.6,212.0,24.7,20.6,15.5,0.0,0.0,,1.001
912,2019-08-02,Lamb Tikka,1,4.95,4.0,6.6,212.0,24.7,20.6,15.5,0.0,0.0,,1.055
913,2019-08-02,Lemon Rice,1,3.95,4.0,6.6,212.0,24.7,20.6,15.5,0.0,0.0,,1.09
914,2019-08-02,Madras - Chicken,2,7.95,4.0,6.6,212.0,24.7,20.6,15.5,0.0,0.0,,1.094
915,2019-08-02,Madras - Chicken Tikka,1,7.95,4.0,6.6,212.0,24.7,20.6,15.5,0.0,0.0,,1.008
916,2019-08-02,Mango Chutney,3,0.5,4.0,6.6,212.0,24.7,20.6,15.5,0.0,0.0,,3.597
917,2019-08-02,Meat Samosa,1,3.95,4.0,6.6,212.0,24.7,20.6,15.5,0.0,0.0,,1.625
918,2019-08-02,Mint Sauce,2,0.5,4.0,6.6,212.0,24.7,20.6,15.5,0.0,0.0,,4.153
919,2019-08-02,Mushroom Rice,4,3.95,4.0,6.6,212.0,24.7,20.6,15.5,0.0,0.0,,2.992
920,2019-08-02,Muttar Paneer,2,5.95,4.0,6.6,212.0,24.7,20.6,15.5,0.0,0.0,,1.65
921,2019-08-02,Onion Bhajee,4,3.95,4.0,6.6,212.0,24.7,20.6,15.5,0.0,0.0,,3.689
922,2019-08-02,Onion Chutney,6,0.5,4.0,6.6,212.0,24.7,20.6,15.5,0.0,0.0,,4.52
923,2019-08-02,Peshwari Naan,2,2.95,4.0,6.6,212.0,24.7,20.6,15.5,0.0,0.0,,2.373
924,2019-08-02,Pilau Rice,9,2.95,4.0,6.6,212.0,24.7,20.6,15.5,0.0,0.0,,4.728
925,2019-08-02,Plain Naan,8,2.6,4.0,6.6,212.0,24.7,20.6,15.5,0.0,0.0,,3.574
926,2019-08-02,Plain Papadum,19,0.8,4.0,6.6,212.0,24.7,20.6,15.5,0.0,0.0,,14.073
927,2019-08-02,Plain Rice,3,2.95,4.0,6.6,212.0,24.7,20.6,15.5,0.0,0.0,,2.866
928,2019-08-02,Red Sauce,4,0.5,4.0,6.6,212.0,24.7,20.6,15.5,0.0,0.0,,3.757
929,2019-08-02,Rogon - Lamb,1,8.95,4.0,6.6,212.0,24.7,20.6,15.5,0.0,0.0,,1.003
930,2019-08-02,Saag Paneer,1,5.95,4.0,6.6,212.0,24.7,20.6,15.5,0.0,0.0,,1.1
931,2019-08-02,Spicy Papadum,3,0.8,4.0,6.6,212.0,24.7,20.6,15.5,0.0,0.0,,3.234
932,2019-08-02,Tandoori Mixed Grill,1,11.95,4.0,6.6,212.0,24.7,20.6,15.5,0.0,0.0,,1.406
933,2019-08-02,Vegetable Balti,1,9.95,4.0,6.6,212.0,24.7,20.6,15.5,0.0,0.0,,1.002
934,2019-08-02,Vindaloo - Chicken,2,7.95,4.0,6.6,212.0,24.7,20.6,15.5,0.0,0.0,,1.854
935,2019-08-02,Vindaloo Sauce,1,3.95,4.0,6.6,212.0,24.7,20.6,15.5,0.0,0.0,,1.078
936,2019-08-03,Aloo Chaat,1,4.95,4.0,3.0,153.0,27.4,19.8,14.8,0.0,0.0,,1.235
937,2019-08-03,Aloo Gobi,2,5.95,4.0,3.0,153.0,27.4,19.8,14.8,0.0,0.0,,2.299
938,2019-08-03,Bhindi Bhajee,1,5.95,4.0,3.0,153.0,27.4,19.8,14.8,0.0,0.0,,1.075
939,2019-08-03,Bhuna - Chicken Tikka,1,8.95,4.0,3.0,153.0,27.4,19.8,14.8,0.0,0.0,,1.055
940,2019-08-03,Bhuna - Lamb,2,8.95,4.0,3.0,153.0,27.4,19.8,14.8,0.0,0.0,,1.677
941,2019-08-03,Bombay Aloo,3,5.95,4.0,3.0,153.0,27.4,19.8,14.8,0.0,0.0,,1.74
942,2019-08-03,Bottle Coke,1,2.95,4.0,3.0,153.0,27.4,19.8,14.8,0.0,0.0,,2.484
943,2019-08-03,Chapati,1,1.95,4.0,3.0,153.0,27.4,19.8,14.8,0.0,0.0,,1.821
944,2019-08-03,Chicken Balti,1,9.95,4.0,3.0,153.0,27.4,19.8,14.8,0.0,0.0,,1.097
945,2019-08-03,Chicken Biryani,3,9.95,4.0,3.0,153.0,27.4,19.8,14.8,0.0,0.0,,2.526
946,2019-08-03,Chicken Chilli Garlic,2,9.95,4.0,3.0,153.0,27.4,19.8,14.8,0.0,0.0,,1.708
947,2019-08-03,Chicken Pakora,2,5.95,4.0,3.0,153.0,27.4,19.8,14.8,0.0,0.0,,1.055
948,2019-08-03,Chicken Tikka (Main),2,8.95,4.0,3.0,153.0,27.4,19.8,14.8,0.0,0.0,,1.262
949,2019-08-03,Chicken Tikka Biryani,2,10.95,4.0,3.0,153.0,27.4,19.8,14.8,0.0,0.0,,1.659
950,2019-08-03,Chicken Tikka Jalfrezi,1,8.95,4.0,3.0,153.0,27.4,19.8,14.8,0.0,0.0,,1.006
951,2019-08-03,Chicken Tikka Masala,6,8.95,4.0,3.0,153.0,27.4,19.8,14.8,0.0,0.0,,5.006
952,2019-08-03,Curry - Chicken,1,7.95,4.0,3.0,153.0,27.4,19.8,14.8,0.0,0.0,,1.084
953,2019-08-03,Curry - Lamb,1,7.95,4.0,3.0,153.0,27.4,19.8,14.8,0.0,0.0,,1.017
954,2019-08-03,Dupiaza - Lamb,1,8.95,4.0,3.0,153.0,27.4,19.8,14.8,0.0,0.0,,1.006
955,2019-08-03,French Fries,1,3.95,4.0,3.0,153.0,27.4,19.8,14.8,0.0,0.0,,1.301
956,2019-08-03,Garlic Naan,4,2.95,4.0,3.0,153.0,27.4,19.8,14.8,0.0,0.0,,3.574
957,2019-08-03,Keema Naan,4,2.95,4.0,3.0,153.0,27.4,19.8,14.8,0.0,0.0,,3.216
958,2019-08-03,Keema Rice,2,3.95,4.0,3.0,153.0,27.4,19.8,14.8,0.0,0.0,,1.704
959,2019-08-03,King Prawn Balti,1,12.95,4.0,3.0,153.0,27.4,19.8,14.8,0.0,0.0,,1.076
960,2019-08-03,Korma - Chicken,2,8.95,4.0,3.0,153.0,27.4,19.8,14.8,0.0,0.0,,2.028
961,2019-08-03,Korma - Prawn,1,9.95,4.0,3.0,153.0,27.4,19.8,14.8,0.0,0.0,,1.139
962,2019-08-03,Korma Sauce,1,3.95,4.0,3.0,153.0,27.4,19.8,14.8,0.0,0.0,,1.085
963,2019-08-03,Lamb Biryani,2,9.95,4.0,3.0,153.0,27.4,19.8,14.8,0.0,0.0,,2.304
964,2019-08-03,Lamb Hari Mirch,1,9.95,4.0,3.0,153.0,27.4,19.8,14.8,0.0,0.0,,1.003
965,2019-08-03,Lamb Tikka,1,4.95,4.0,3.0,153.0,27.4,19.8,14.8,0.0,0.0,,1.09
966,2019-08-03,Lamb Tikka Chilli Masala,1,8.95,4.0,3.0,153.0,27.4,19.8,14.8,0.0,0.0,,1.005
967,2019-08-03,Lemon Rice,1,3.95,4.0,3.0,153.0,27.4,19.8,14.8,0.0,0.0,,1.016
968,2019-08-03,Madras - Chicken Tikka,1,7.95,4.0,3.0,153.0,27.4,19.8,14.8,0.0,0.0,,1.0
969,2019-08-03,Madras - Lamb,1,7.95,4.0,3.0,153.0,27.4,19.8,14.8,0.0,0.0,,1.0
970,2019-08-03,Mango Chutney,6,0.5,4.0,3.0,153.0,27.4,19.8,14.8,0.0,0.0,,4.872
971,2019-08-03,Masala Sauce,1,3.95,4.0,3.0,153.0,27.4,19.8,14.8,0.0,0.0,,1.017
972,2019-08-03,Meat Samosa,2,3.95,4.0,3.0,153.0,27.4,19.8,14.8,0.0,0.0,,1.895
973,2019-08-03,Methi - Lamb,1,8.95,4.0,3.0,153.0,27.4,19.8,14.8,0.0,0.0,,1.008
974,2019-08-03,Mint Sauce,7,0.5,4.0,3.0,153.0,27.4,19.8,14.8,0.0,0.0,,3.354
975,2019-08-03,Mixed Starter,1,5.95,4.0,3.0,153.0,27.4,19.8,14.8,0.0,0.0,,1.005
976,2019-08-03,Mixed Vegetable Curry,1,5.95,4.0,3.0,153.0,27.4,19.8,14.8,0.0,0.0,,1.003
977,2019-08-03,Mushroom Bhajee,1,5.95,4.0,3.0,153.0,27.4,19.8,14.8,0.0,0.0,,1.082
978,2019-08-03,Mushroom Rice,7,3.95,4.0,3.0,153.0,27.4,19.8,14.8,0.0,0.0,,1.685
979,2019-08-03,Onion Bhajee,4,3.95,4.0,3.0,153.0,27.4,19.8,14.8,0.0,0.0,,3.888
980,2019-08-03,Onion Chutney,1,0.5,4.0,3.0,153.0,27.4,19.8,14.8,0.0,0.0,,1.786
981,2019-08-03,Paneer Tikka Masala,1,8.95,4.0,3.0,153.0,27.4,19.8,14.8,0.0,0.0,,1.167
982,2019-08-03,Pathia - Prawn,1,9.95,4.0,3.0,153.0,27.4,19.8,14.8,0.0,0.0,,1.005
983,2019-08-03,Peshwari Naan,8,2.95,4.0,3.0,153.0,27.4,19.8,14.8,0.0,0.0,,6.082
984,2019-08-03,Pilau Rice,7,2.95,4.0,3.0,153.0,27.4,19.8,14.8,0.0,0.0,,7.024
985,2019-08-03,Plain Naan,6,2.6,4.0,3.0,153.0,27.4,19.8,14.8,0.0,0.0,,5.236
986,2019-08-03,Plain Papadum,26,0.8,4.0,3.0,153.0,27.4,19.8,14.8,0.0,0.0,,8.958
987,2019-08-03,Plain Rice,1,2.95,4.0,3.0,153.0,27.4,19.8,14.8,0.0,0.0,,1.905
988,2019-08-03,Red Sauce,4,0.5,4.0,3.0,153.0,27.4,19.8,14.8,0.0,0.0,,3.306
989,2019-08-03,Saag - Prawn,1,9.95,4.0,3.0,153.0,27.4,19.8,14.8,0.0,0.0,,1.008
990,2019-08-03,Saag Aloo,1,5.95,4.0,3.0,153.0,27.4,19.8,14.8,0.0,0.0,,1.395
991,2019-08-03,Saag Paneer,2,5.95,4.0,3.0,153.0,27.4,19.8,14.8,0.0,0.0,,1.719
992,2019-08-03,Sheek Kebab,1,4.95,4.0,3.0,153.0,27.4,19.8,14.8,0.0,0.0,,1.111
993,2019-08-03,Special Fried Rice,4,3.95,4.0,3.0,153.0,27.4,19.8,14.8,0.0,0.0,,3.039
994,2019-08-03,Spicy Papadum,1,0.8,4.0,3.0,153.0,27.4,19.8,14.8,0.0,0.0,,2.801
995,2019-08-03,Tandoori Chicken (1/4),1,4.95,4.0,3.0,153.0,27.4,19.8,14.8,0.0,0.0,,1.005
996,2019-08-03,Tandoori Chicken Masala,2,8.95,4.0,3.0,153.0,27.4,19.8,14.8,0.0,0.0,,1.631
997,2019-08-03,Tandoori Mixed Grill,2,11.95,4.0,3.0,153.0,27.4,19.8,14.8,0.0,0.0,,2.001
998,2019-08-03,Vegetable Rice,2,3.95,4.0,3.0,153.0,27.4,19.8,14.8,0.0,0.0,,2.045
999,2019-08-03,Vindaloo - Lamb,1,7.95,4.0,3.0,153.0,27.4,19.8,14.8,0.0,0.0,,1.0
